
create table movie(
    movieID int not null,
    movieTitle varchar(50) not null,
    movieDesc varchar(150),
    movieReleaseDate date,
    movieRuntime int check (movieRuntime > 25),
    movieCertificate varchar(4) check (movieCertificate in ('N/A','PG','12','12A','15','15A','16','18')),
    movieRating int check (movieRating > 0 and movieRating <= 5),
    constraint movie_pk primary key (movieID)
)engine innodb;

create table trailer(
    trailerID int not null,
    trailerLength int,
    trailerURL varchar(150),
    t_movieID int not null,
    constraint trailer_pk primary key (trailerID),
    constraint trailer_fk_movie foreign key (t_movieID) references movie (movieID)
)engine innodb;

create table studio(
    studioID int not null,
    studioName varchar(50) not null,
    studioAddress varchar(200),
    constraint studio_pk primary key (studioID)
)engine innodb;

create table movie_studio(
    movie_studioID int not null,
    m_movieID int not null,
    s_studioID int not null,
    constraint movie_studio_pk primary key (movie_studioID),
    constraint movie_studio_fk_movie foreign key (m_movieID) references movie (movieID),
    constraint movie_studio_fk_studio foreign key (s_studioID) references studio (studioID)
)engine innodb;

create table genre(
    genreID int not null,
    genreType varchar(25) not null,
    genreDesc varchar(200),
    constraint genre_pk primary key (genreID)
)engine innodb;

create table movie_genre(
    movie_genreID int not null,
    m_movieID int not null,
    g_genreID int not null,
    constraint movie_genre_pk primary key (movie_genreID),
    constraint movie_genre_fk_movie foreign key (m_movieID) references movie (movieID),
    constraint movie_genre_fk_genre foreign key (g_genreID) references genre (genreID)
)engine innodb;

create table song(
    songID int not null,
    songName varchar(100) not null,
    songLength int,
    songURL varchar(150),
    constraint song_pk primary key (songID)
) engine innodb;


create table artiste(
    artisteID int not null,
    artisteName varchar(50) not null,
    artisteNationality varchar(50),
    constraint artiste_pk primary key (artisteID)
)engine innodb;

create table song_artiste(
    song_artisteID int not null,
    s_songID int not null,
    a_artisteID int not null,
    constraint song_artiste_pk primary key (song_artisteID),
    constraint song_artiste_fk_song foreign key (s_songID) references song (songID),
    constraint song_artiste_fk_artiste foreign key (a_artisteID) references artiste (artisteID)
)engine innodb;



/* movie inserts */
insert into movie values (0001, 'The Shawshank Redemption', 'Two imprisoned men bond over a number of years', '1994-10-14', 142, '18', '4.5'),
(0002, 'The Godfather', 'The aging patriarch of an organized crime dynasty transfers control to his son', '1972-3-24', 175, '18', '4.5'),
(0003, 'The Dark Knight','The menace known as the joker wreaks havoc on Gotham City', '2008-7-18', 152, '12', '4.5'),
(0004, 'American Psycho', 'A wealthy New York investment banking executive hides his alternate psychopathic ego', '2000-4-14', 102, '18', '4'),
(0005, 'Pulp Fiction', 'The lives of two mod hit men, a boxer, a gangster`s wife are all inter twinned', '1994-10-14', 154, '18', 4),
(0006, 'The Matrix', 'A hacker learns from mysterious rebels about the true nature of his reality', '1999-3-31', 136, '18', 4),
(0007, 'Logan', 'In a near future, a weary Logan cares for an ailing professor x', '2017-3-3', 135, '18', 5),
(0008, 'The Prestige', 'Two stage magicians engage in competitive one-upmanship in an attempt to create the ultimate stage illusion', '2006-10-20', 135, '12', 5),
(0009, 'Interstellar', 'A team of explorers travel through a wormhole in space in an attempt to save the human race', '2014-11-7', 169, '12', '5'),
(0010, 'The Wolf of Wall Street', 'Based on the true story of Jordan Belfort', '2013-12-25', 180, '18', 4);

/* trailer inserts */
insert into trailer values (0001, '2' , 'https://www.youtube.com/watch?v=6hB3S9bIaco', 0001),
(0002, '2' , 'https://www.youtube.com/watch?v=sY1S34973zA', 0002),
(0003, '3', 'https://www.youtube.com/watch?v=EXeTwQWrcwY', 0003),
(0004, '3', 'https://www.youtube.com/watch?v=2GIsExb5jJU', 0004),
(0005, '2', 'https://www.youtube.com/watch?v=s7EdQ4FqbhY', 0005),
(0006, '3', 'https://www.youtube.com/watch?v=m8e-FF8MsqU', 0006),
(0007, '2', 'https://www.youtube.com/watch?v=DekuSxJgpbY', 0007),
(0008, '3', 'https://www.youtube.com/watch?v=o4gHCmTQDVI', 0008),
(0009, '3', 'https://www.youtube.com/watch?v=zSWdZVtXT7E', 0009),
(0010, '2', 'https://www.youtube.com/watch?v=iszwuX1AK6A', 0010),
(0011, '3', 'https://www.youtube.com/watch?v=vKQi3bBA1y8', 0006),
(0012, '2', 'https://www.youtube.com/watch?v=pabEtIERlic', 0010),
(0013, '3', 'https://www.youtube.com/watch?v=5DO-nDW43Ik', 0002),
(0014, '2', 'https://www.youtube.com/watch?v=ewlwcEBTvcg', 0005),
(0015, '2', 'https://www.youtube.com/watch?v=Div0iP65aZo&t=15s', 0007),
(0016, '4', 'https://www.youtube.com/watch?v=RH3OxVFvTeg', 0007);

/* studio inserts */
insert into studio values (0001, 'Castle Rock Studios', 'America'),
(0002, 'Paramount Pictures', 'America'),
(0003, 'Warner Bros', 'America'),
(0004, 'Lionsgate Studios', 'America'),
(0005, 'Miramax Films', 'America'),
(0006, 'Road Show Entertainment', 'Australia'),
(0007, 'Marvel Studios', 'America');


/* movie-studio inserts */
insert into movie_studio values (0001, 0001, 0001),
(0002, 0002, 0002),
(0003, 0003, 0003),
(0004, 0004, 0004),
(0005, 0005, 0005),
(0006, 0006, 0003),
(0007, 0006, 0006),
(0008, 0007, 0007),
(0009, 0008, 0003),
(0010, 0009, 0003),
(0011, 0010, 0002);

/* genre inserts */
insert into genre values (0001, 'Drama', 'Drama film is a genre that relies on the emotional and relational development of realistic characters'),
(0002, 'Crime', 'Films that focus on crime'),
(0003, 'Action', 'Action film is a film genre in which the protagonist or protagonists end up in a series of challenges that typically include violence, extended fighting, physical feats, and frantic chases.'),
(0004, 'Comic Book', 'Film adaptions from comic books and graphic novels'),
(0005, 'Sci-Fi', 'Films of speculative fiction, typically dealing with imaginative concepts such as futuristic science and tech'),
(0006, 'Mystery', 'Is a type of fiction in which a detective, or other professional, solves a crime or series of crimes'),
(0007, 'Adventure', 'An adventure is an event or series of events that happens outside the course of the protagonist''s ordinary life, usually accompanied by danger, often by physical action.'),
(0008, 'Comedy', 'Comedy is a genre of film in which the main emphasis is on humor. ');

/* movie-genre inserts */
insert into movie_genre values (0001, 0001, 0001),
(0002, 0002, 0002),
(0003, 0002, 0001),
(0004, 0003, 0002),
(0005, 0003, 0003),
(0006, 0003, 0004),
(0007, 0004, 0002),
(0008, 0004, 0001),
(0009, 0005, 0001),
(0010, 0005, 0002),
(0011, 0006, 0003),
(0012, 0006, 0005),
(0013, 0007, 0004),
(0014, 0007, 0003),
(0015, 0007, 0005),
(0016, 0008, 0001),
(0017, 0008, 0006),
(0018, 0009, 0007),
(0019, 0009, 0001),
(0020, 0009, 0005),
(0021, 0010, 0008),
(0022, 0010, 0002);


/* song inserts */
insert into song values (0001, 'May' , 1 , 'www.youtube.com/may'),
(0002, 'Shawshank Prison', 2, 'www.youtube.com/shawshankprison'),
(0003, 'New Fish', 3, 'www.youtube.com/newfish'),
(0004, 'Rock Hammer', 3, 'www.youtube,com/rockhammer'),
(0005, 'An Inch of his life', 2, 'www.youtube.com/aninchofhislife'),
(0006, 'The Godfather Waltz', 4, 'www.youtube.com/thewaltz'),
(0007, 'I have but one heart', 3, 'www.youtube.com/ihavebutoneheart'),
(0008, 'The Pickup', 2, 'www.youtube.com/thepickup'),
(0009, 'Connies Wedding', 3, 'www.youtube.com/connieswedding'),
(0010, 'Miller Compilation', 20, 'www.youtube.com/millercompilation'),
(0011, 'Hip to be Square', 3, 'www.youtube.com/hiptobesquare'),
(0012, 'You Spin me Round', 2, 'www.youtube.com/youspinmeround'),
(0013, 'Jungle Boogie', 3, 'www.youtube.com/jungleboogie'),
(0014, 'Son of a Preacher Man', 4, 'www.youtube.com/sonofapreacherman'),
(0015, 'Girl, Youll be a Woman Soon', 3, 'www.youtube.com/youllbeawomansoon'),
(0016, 'Rock is Dead', 3, 'www.youtube.com/rockisdead'),
(0017, 'Mindfields', 5, 'www.youtube.com/mindfields'),
(0018, 'Du Hast', 4, 'www.youtube.com/duhast'),
(0019, 'Dragula', 4, 'www.youtube.com/dragula'),
(0020, 'Make it Bang', 4, 'www.youtube.com/makeitbang'),
(0021, 'I got a name', 3, 'www.youtube.com/igotaname'),
(0022, 'Are you watching closely', 3, 'www.youtube.com/areyouwatching'),
(0023, 'The light field', 2, 'www.youtube.com/thelightfield'),
(0024, 'Border Meets Sarah', 4, 'www.youtube.com/bordermeetssarah'),
(0025, 'No, not today', 5, 'www.youtube.com/nonottoday'),
(0026, 'Interstellar compilation', 72, 'https://www.youtube.com/watch?v=iBfk37Fa3H0'),
(0027, 'Bang Bang', 4, 'www.youtube.com/bangbang'),
(0028, 'Pretty Thing', 3, 'www.youtube.com/prettything'),
(0029, 'Smokestack Lightning', 4, 'www.youtube.com/smokestack');



/* artiste inserts */
insert into artiste values (0001, 'Thomas Newman', 'American'),
(0002, 'Nino Rota', 'Italian'),
(0003, 'Joe Bloggs', 'British'),
(0004, 'Carmine Coppola', 'Italian'),
(0005, 'Hans Zimmer', 'Germamn'),
(0006, 'Hughie Lewis', 'American'),
(0007, 'Edsel Dope', 'American'),
(0008, 'Acey Slade', 'American'),
(0009, 'Racci Shay', 'American'),
(0010, 'Virus', 'American'),
(0011, 'John Hurley', 'American'),
(0012, 'Neil Diamond', 'American'),
(0013, 'Robert Bell', 'American'),
(0014, 'Ronald Bell', 'American'),
(0015, 'George Brown', 'American'),
(0016, 'Lavell Evans', 'American'),
(0017, 'Amir Bayyan', 'American'),
(0018, 'Marilyn Manson', 'American'),
(0019, 'Liam Howlett', 'British'),
(0020, 'Keith Flint', 'British'),
(0021, 'Maxim', 'British'),
(0022, 'Till Lindemann', 'German'),
(0023, 'Richard Z. Kruspe', 'German'),
(0024, 'Paul Landers', 'German'),
(0025, 'Christoph Schneider', null),
(0026, 'Rob Zombie', null),
(0027, 'Baauer', null),
(0028, 'Jim Croce', null),
(0029, 'David Julyan', 'American'),
(0030, 'Joe Cuba', null),
(0031, 'Bo Diddley', 'American'),
(0032, 'Howlin Wolf', 'American');

/* song-artiste inserts */
insert into song_artiste values (0001, 0001, 0001),
(0002, 0002, 0001),
(0003, 0003, 0001),
(0004, 0004, 0001),
(0005, 0005, 0001),
(0006, 0006, 0002),
(0007, 0007, 0003),
(0008, 0008, 0002),
(0009, 0009, 0004),
(0010, 0010, 0005),
(0011, 0011, 0006),
(0012, 0014, 0011),
(0013, 0015, 0012),
(0014, 0016, 0018),
(0015, 0019, 0026),
(0016, 0020, 0027),
(0017, 0021, 0028),
(0018, 0022, 0029),
(0019, 0023, 0029),
(0020, 0024, 0029),
(0021, 0025, 0029),
(0022, 0026, 0005),
(0023, 0027, 0030),
(0024, 0028, 0031),
(0025, 0029, 0032);


-- --------------------------------------------------------------

CREATE TABLE `studentregistration` (
  `code_module` varchar(45) NOT NULL,
  `code_presentation` varchar(45) NOT NULL,
  `id_student` int NOT NULL,
  `date_registration` int DEFAULT NULL,
  `date_unregistration` text,
  PRIMARY KEY (`code_module`,`code_presentation`,`id_student`)
);
--
-- Dumping data for table `studentregistration`
--
INSERT INTO `studentregistration` VALUES ('AAA','2013J',11391,-159,''),('AAA','2013J',28400,-53,''),('AAA','2013J',30268,-92,'12'),('AAA','2014J',6516,-52,''),('AAA','2014J',24734,-18,''),('AAA','2014J',26192,-38,''),('AAA','2014J',28061,-130,''),('BBB','2013B',23629,-47,''),('BBB','2013B',25107,-73,''),('BBB','2013B',27891,-58,'153'),('BBB','2013B',29144,-24,''),('BBB','2013J',23632,-194,'-51'),('BBB','2013J',23798,-27,''),('BBB','2013J',25629,-31,'-30'),('BBB','2013J',26677,-60,'-1'),('BBB','2013J',27457,-36,'-12'),('BBB','2013J',27759,-43,''),('BBB','2013J',30091,-145,''),('BBB','2013J',31014,-43,'128'),('BBB','2014B',25629,-156,'108'),('BBB','2014B',25997,-139,'83'),('BBB','2014B',27891,-191,''),('BBB','2014J',26315,-92,''),('BBB','2014J',26734,-101,''),('CCC','2014B',28418,-37,''),('CCC','2014B',29764,-34,''),('CCC','2014B',29820,-57,''),('CCC','2014J',23698,-110,''),('CCC','2014J',25261,-114,'51'),('CCC','2014J',27116,-156,''),('CCC','2014J',28787,-29,''),('CCC','2014J',28952,-50,'12'),('CCC','2014J',29411,-135,'100'),('CCC','2014J',29420,-14,''),('CCC','2014J',29639,-24,''),('CCC','2014J',30096,-22,''),('CCC','2014J',30850,-56,''),('CCC','2014J',31161,-43,''),('DDD','2013B',24213,-128,'-46'),('DDD','2013J',3733,-68,'-8'),('DDD','2013J',8462,-137,'119'),('DDD','2013J',27417,-74,'208'),('DDD','2013J',27935,-134,''),('DDD','2013J',28046,-190,''),('DDD','2013J',29411,-96,''),('DDD','2013J',30549,-102,''),('DDD','2013J',31173,-44,''),('DDD','2013J',31269,-53,'19'),('DDD','2014B',24213,-54,''),('DDD','2014B',28149,-46,'-4'),('DDD','2014B',31269,-90,'73'),('DDD','2014J',8462,-38,'18'),('DDD','2014J',25572,-68,'59'),('DDD','2014J',27417,-131,'162'),('EEE','2013J',26915,-61,''),('EEE','2014B',25150,-47,''),('EEE','2014B',27780,-23,''),('EEE','2014B',29639,-26,''),('EEE','2014B',29820,-57,''),('EEE','2014J',28770,-31,''),('FFF','2013J',26247,-47,''),('FFF','2013J',29335,-31,''),('FFF','2013J',29769,-32,''),('FFF','2014B',26211,-25,''),('FFF','2014B',26269,-73,'-12'),('FFF','2014B',27189,-65,''),('FFF','2014B',27683,-24,''),('FFF','2014B',28808,-120,''),('FFF','2014B',28897,-136,''),('FFF','2014B',30531,-137,''),('FFF','2014J',31296,-20,''),('GGG','2013J',24391,-64,''),('GGG','2013J',26023,-37,''),('GGG','2014B',24186,-25,''),('GGG','2014B',29985,-93,''),('GGG','2014B',31107,-47,''),('GGG','2014J',31205,-31,'');

--
-- Table structure for table `studentvle`
--

CREATE TABLE `studentvle` (
  `id_site` int DEFAULT NULL,
  `code_module` varchar(45) DEFAULT NULL,
  `code_presentation` varchar(45) DEFAULT NULL,
  `id_student` int DEFAULT NULL,
  `date` int DEFAULT NULL,
  `sum_click` int DEFAULT NULL
);

--
-- Dumping data for table `studentvle`
--

INSERT INTO `studentvle` VALUES (31604,'BBB','2013B',25107,222,4),(31663,'BBB','2013B',25107,222,3),(31849,'BBB','2013B',25107,225,3),(32221,'BBB','2013B',25107,227,4),(32239,'BBB','2013B',25107,227,1),(542792,'BBB','2013B',31663,222,9),(542792,'BBB','2013B',31663,222,2),(32885,'BBB','2013B',-176,222,7),(32930,'BBB','2013B',-35,225,1),(33387,'BBB','2013B',-43,225,4),(33387,'BBB','2013B',31663,228,6),(542792,'BBB','2013B',31663,228,4),(542792,'BBB','2013B',31663,229,3),(33666,'BBB','2013B',31663,229,1),(33681,'BBB','2013B',31663,230,1),(33681,'BBB','2013B',31663,230,4),(33897,'BBB','2013B',31663,232,4),(33897,'BBB','2013B',31663,233,4),(33915,'BBB','2013B',-64,233,3),(33930,'BBB','2013B',-143,235,2);

--
-- Table structure for table `vle`
--

CREATE TABLE `vle` (
  `id_site` int NOT NULL,
  `code_module` varchar(45) DEFAULT NULL,
  `code_presentation` varchar(45) DEFAULT NULL,
  `activity_type` varchar(45) DEFAULT NULL,
  `week_from` text,
  `week_to` text,
  PRIMARY KEY (`id_site`)
) ;
--
-- Dumping data for table `vle`
--
INSERT INTO `vle` VALUES (526721,'1','2013J','BBB','31849','71'),(526740,'2','2013J','BBB','31849','86'),(527105,'FFF','2013J','BBB','',''),(527106,'FFF','2013J','BBB','',''),(527117,'FFF','2013J','BBB','',''),(527118,'FFF','2013J','BBB','',''),(527131,'FFF','2013B','BBB','',''),(527132,'FFF','2013J','BBB','',''),(527160,'FFF','2013B','BBB','',''),(527162,'FFF','2013B','ouwiki','',''),(527169,'FFF','2013J','subpage','','132'),(527170,'FFF','2013J','BBB','','132'),(527232,'FFF','2013B','url','',''),(527233,'FFF','2013B','BBB','',''),(527363,'FFF','2013J','BBB','4','4'),(527501,'1','2013J','BBB','','7'),(527523,'FFF','2013B','dataplus','',''),(542792,'BBB','2013J','BBB','','72'),(542794,'BBB','2013B','forumng','',''),(542812,'BBB','2013B','glossary','',''),(542864,'BBB','2013B','BBB','',''),(542889,'BBB','2013B','oucontent','',''),(542892,'BBB','2013B','BBB','',''),(543020,'14','2013J','BBB','','86'),(543039,'25','2013J','BBB','','102'),(543040,'4','2013J','BBB','30091','130'),(543078,'5','2013J','BBB','','130'),(543079,'5','2013J','BBB','','133'),(543322,'BBB','2013B','sharedsubpage','',''),(543324,'BBB','2013B','ouelluminate','',''),(546614,'2','2013J','BBB','','26'),(546644,'AAA','2013J','BBB','',''),(546645,'AAA','2013J','forumng','',''),(546660,'2','2013J','glossary','31849','15'),(546664,'2','2013J','BBB','31849','28'),(546883,'3','2013J','BBB','31849','29'),(546906,'2','2013J','BBB','31849','38'),(546907,'1','2013J','BBB','','0'),(547047,'3','2013J','BBB','','8'),(547048,'AAA','2013J','BBB','','32'),(547066,'AAA','2013J','BBB','','34'),(547067,'AAA','2013J','BBB','','34'),(547267,'DDD','2013J','BBB','','34'),(547269,'7','2013J','BBB','','34'),(547270,'1','2013J','BBB','','34'),(547303,'DDD','2013J','BBB','','34'),(547304,'DDD','2013J','BBB','',''),(547305,'DDD','2013B','BBB','',''),(547493,'DDD','2013B','page','',''),(547539,'DDD','2013B','oucontent','',''),(547542,'DDD','2013B','BBB','',''),(547757,'1','2013J','BBB','30091','53'),(547850,'3','2013J','BBB','30091','53'),(547851,'1','2013J','BBB','30091','53'),(547966,'7','2013J','BBB','30091','53'),(547967,'2','2013J','BBB','','53'),(551010,'EEE','2013J','BBB','','53'),(551011,'7','2013J','BBB','31014','32'),(551012,'1','2013J','BBB','31014','32'),(551019,'2','2013J','BBB','31014','32'),(551020,'EEE','2013J','BBB','','32'),(551072,'EEE','2013J','BBB','','32'),(551073,'1','2013J','BBB','','32'),(551074,'EEE','2013J','BBB','','51'),(551075,'1','2013J','BBB','','51'),(551078,'EEE','2013J','BBB','',''),(551079,'EEE','2013J','BBB','','49'),(551119,'EEE','2013J','BBB','','49'),(551120,'EEE','2013J','BBB','','49'),(551158,'EEE','2013J','url','',''),(551160,'EEE','2013J','BBB','',''),(551167,'1','2013J','BBB','','49'),(551168,'1','2013J','BBB','','53'),(551175,'1','2013J','BBB','','56'),(551177,'1','2013J','BBB','','71'),(661570,'1','2013J','BBB','','77'),(661572,'7','2013J','BBB','23798','77'),(661573,'1','2013J','BBB','23798','77'),(661575,'1','2013J','BBB','23798','77'),(661576,'1','2013J','BBB','23798','77'),(661577,'3','2013J','BBB','23798','77'),(661607,'GGG','2013J','quiz','',''),(661691,'GGG','2013J','BBB','',''),(661807,'GGG','2013J','subpage','',''),(661808,'GGG','2013J','subpage','',''),(673519,'DDD','2013J','homepage','',''),(673546,'DDD','2013J','glossary','',''),(673743,'DDD','2013J','ouwiki','',''),(674366,'DDD','2013J','BBB','',''),(674367,'DDD','2013J','BBB','',''),(703721,'BBB','2013J','BBB','',''),(703737,'6','2013J','BBB','31849','71'),(703741,'2','2013J','BBB','27759','0'),(703742,'1','2013J','resource','27759','0'),(703894,'1','2013J','dataplus','23798','32'),(703895,'1','2013J','oucollaborate','23798','71'),(703896,'CCC','2014B','page','23798',''),(703900,'BBB','2013J','BBB','1','1'),(703901,'1','2014B','homepage','23798','133'),(703902,'2','2013J','ouwiki','27759','8'),(703933,'BBB','2013J','sharedsubpage','',''),(703939,'1','2014J','resource','23798',''),(703940,'1','2013J','resource','27759','113'),(703941,'CCC','2014J','BBB','30091',''),(703942,'1','2014J','resource','30091','61'),(703943,'1','2014J','oucontent','27759',''),(703944,'1','2013J','subpage','27759','3'),(704221,'1','2013J','BBB','','83'),(716215,'7','2013J','BBB','31014','70'),(716237,'FFF','2013J','folder','',''),(716409,'FFF','2013J','repeatactivity','6','6'),(729671,'CCC','2013J','BBB','',''),(729673,'CCC','2013J','BBB','',''),(729674,'CCC','2013J','BBB','',''),(729779,'CCC','2013J','BBB','',''),(729780,'CCC','2014B','BBB','',''),(729795,'CCC','2013J','BBB','',''),(729796,'CCC','2013J','BBB','',''),(729797,'CCC','2013J','BBB','1','128'),(729798,'CCC','2013J','BBB','','128'),(730006,'CCC','2013J','BBB','','128'),(730007,'CCC','2013J','BBB','','128'),(730037,'CCC','2013J','BBB','','128'),(730038,'CCC','2013J','BBB','','128'),(730118,'CCC','2013J','BBB','',''),(730120,'CCC','2013J','BBB','',''),(730121,'CCC','2014B','BBB','27759',''),(779088,'FFF','2014B','BBB','',''),(790732,'EEE','2013J','BBB','',''),(790811,'EEE','2013J','BBB','27','27'),(790863,'1','2013J','BBB','','126'),(790872,'2','2013J','BBB','','126'),(790873,'1','2013J','BBB','','127'),(790874,'EEE','2013J','BBB','','127'),(790926,'EEE','2013J','BBB','',''),(790927,'1','2013J','subpage','','127'),(790932,'1','2013J','BBB','','127'),(798617,'4','2013J','BBB','31014','-10'),(798622,'1','2013J','BBB','31849','0'),(832565,'EEE','2014J','homepage','',''),(832637,'EEE','2014J','oucontent','24','24'),(832638,'EEE','2013J','BBB','25','25'),(832708,'EEE','2013J','BBB','','8'),(832709,'4','2013J','BBB','','55'),(832712,'EEE','2013J','BBB','',''),(832713,'EEE','2013J','BBB','',''),(832715,'EEE','2013J','BBB','','15'),(832716,'EEE','2013J','BBB','','92'),(832757,'EEE','2014J','subpage','',''),(832758,'1','2013J','BBB','23798','12'),(832775,'1','2013J','BBB','23798','13'),(832776,'1','2013J','BBB','23798','32'),(832777,'1','2013J','BBB','','40'),(832779,'EEE','2013J','BBB','',''),(832784,'EEE','2014J','BBB','',''),(877028,'AAA','2014J','glossary','',''),(877029,'AAA','2014J','glossary','',''),(877030,'AAA','2013J','BBB','','55'),(909086,'1','2013J','BBB','30091','39'),(909101,'1','2013J','BBB','30091','53'),(909261,'2','2013J','BBB','31849','21'),(909332,'CCC','2014J','oucollaborate','',''),(909333,'3','2013J','BBB','','49'),(924387,'EEE','2013J','oucontent','','12'),(924388,'EEE','2013J','BBB','','12'),(936763,'1','2013J','BBB','','113'),(937752,'1','2013J','BBB','30091','5'),(937753,'2','2013J','BBB','30091','61'),(937754,'1','2013J','BBB','31849','15'),(942321,'1','2013J','BBB','30091','61'),(942322,'CCC','2014J','subpage','',''),(947016,'CCC','2014J','BBB','23798',''),(957606,'1','2013J','BBB','','0'),(957607,'CCC','2014J','oucontent','',''),(957615,'CCC','2014J','resource','',''),(957624,'BBB','2013J','BBB','',''),(988993,'EEE','2014J','oucollaborate','',''),(988994,'EEE','2014J','oucollaborate','',''),(989327,'BBB','2014J','questionnaire','',''),(989839,'CCC','2014J','subpage','',''),(1002902,'CCC','2014J','url','',''),(1010405,'CCC','2013J','BBB','','2'),(1011838,'1','2013J','BBB','27759','3'),(1011839,'1','2013J','BBB','27759','6'),(1042374,'2','2013J','BBB','30091','5'),(1049562,'CCC','2014J','oucontent','',''),(1072253,'CCC','2014J','oucollaborate','',''),(1073191,'EEE','2014J','resource','',''),(1076553,'EEE','2014J','oucontent','',''),(1077905,'EEE','2014J','BBB','','');

--
-- Table structure for table `assessments`
--

CREATE TABLE `assessments` (
  `code_module` varchar(45) DEFAULT NULL,
  `code_presentation` varchar(45) DEFAULT NULL,
  `id_assessment` int NOT NULL,
  `assessment_type` varchar(45) DEFAULT NULL,
  `date` int DEFAULT NULL,
  PRIMARY KEY (`id_assessment`)
);
--
-- Dumping data for table `assessments`
--
INSERT INTO `assessments` VALUES ('AAA','2013J',1752,'TMA',19),('AAA','2013J',1753,'TMA',54),('AAA','2013J',1754,'TMA',117),('AAA','2013J',1755,'TMA',166),('AAA','2013J',1756,'TMA',215),('AAA','2014J',1758,'TMA',19),('AAA','2014J',1759,'TMA',54),('AAA','2014J',1760,'TMA',117),('AAA','2014J',1761,'TMA',166),('AAA','2014J',1762,'TMA',215),('BBB','2013B',14984,'TMA',19),('BBB','2013B',14985,'TMA',47),('BBB','2013B',14986,'TMA',89),('BBB','2013B',14987,'TMA',124),('BBB','2013B',14988,'TMA',159),('BBB','2013B',14989,'TMA',187),('BBB','2013B',14991,'CMA',54),('BBB','2013B',14992,'CMA',89),('BBB','2013B',14993,'CMA',124),('BBB','2013B',14994,'CMA',159),('BBB','2013B',14995,'CMA',187),('BBB','2013J',14996,'TMA',19),('BBB','2013J',14997,'TMA',47),('BBB','2013J',14998,'TMA',96),('BBB','2013J',14999,'TMA',131),('BBB','2013J',15000,'TMA',166),('BBB','2013J',15001,'TMA',208),('BBB','2013J',15003,'CMA',54),('BBB','2013J',15004,'CMA',96),('BBB','2013J',15005,'CMA',131),('BBB','2013J',15006,'CMA',166),('BBB','2013J',15007,'CMA',208),('BBB','2014B',15008,'TMA',12),('BBB','2014B',15009,'TMA',40),('BBB','2014B',15010,'TMA',82),('BBB','2014B',15011,'TMA',117),('BBB','2014B',15012,'TMA',152),('BBB','2014B',15013,'TMA',194),('BBB','2014B',15015,'CMA',47),('BBB','2014B',15016,'CMA',82),('BBB','2014B',15017,'CMA',117),('BBB','2014B',15018,'CMA',152),('BBB','2014B',15019,'CMA',194),('BBB','2014J',15020,'TMA',19),('BBB','2014J',15021,'TMA',54),('BBB','2014J',15022,'TMA',110),('BBB','2014J',15023,'TMA',152),('BBB','2014J',15024,'TMA',201),('CCC','2014B',24282,'TMA',32),('CCC','2014B',24283,'TMA',102),('CCC','2014B',24284,'TMA',151),('CCC','2014B',24285,'TMA',200),('CCC','2014B',24286,'CMA',18),('CCC','2014B',24287,'CMA',67),('CCC','2014B',24288,'CMA',137),('CCC','2014B',24289,'CMA',207),('CCC','2014J',24291,'TMA',32),('CCC','2014J',24292,'TMA',109),('CCC','2014J',24293,'TMA',158),('CCC','2014J',24294,'TMA',207),('CCC','2014J',24295,'CMA',18),('CCC','2014J',24296,'CMA',67),('CCC','2014J',24297,'CMA',144),('CCC','2014J',24298,'CMA',214),('DDD','2013B',25334,'TMA',25),('DDD','2013B',25335,'TMA',53),('DDD','2013B',25336,'TMA',81),('DDD','2013B',25337,'TMA',116),('DDD','2013B',25338,'TMA',151),('DDD','2013B',25339,'TMA',200),('DDD','2013B',25340,'Exam',240),('DDD','2013B',25341,'CMA',23),('DDD','2013B',25342,'CMA',51),('DDD','2013B',25343,'CMA',79),('DDD','2013B',25344,'CMA',114),('DDD','2013B',25345,'CMA',149),('DDD','2013B',25346,'CMA',170),('DDD','2013B',25347,'CMA',206),('DDD','2013J',25348,'TMA',25),('DDD','2013J',25349,'TMA',53),('DDD','2013J',25350,'TMA',88),('DDD','2013J',25351,'TMA',123),('DDD','2013J',25352,'TMA',165),('DDD','2013J',25353,'TMA',207),('DDD','2013J',25354,'Exam',261),('DDD','2014B',25355,'TMA',25),('DDD','2014B',25356,'TMA',53),('DDD','2014B',25357,'TMA',74),('DDD','2014B',25358,'TMA',116),('DDD','2014B',25359,'TMA',158),('DDD','2014B',25360,'TMA',200),('DDD','2014B',25361,'Exam',241),('DDD','2014J',25362,'TMA',20),('DDD','2014J',25363,'TMA',41),('DDD','2014J',25364,'TMA',62),('DDD','2014J',25365,'TMA',111),('DDD','2014J',25366,'TMA',146),('DDD','2014J',25367,'TMA',195),('EEE','2013J',30709,'TMA',33),('EEE','2013J',30710,'TMA',68),('EEE','2013J',30711,'TMA',124),('EEE','2013J',30712,'TMA',159),('EEE','2013J',30713,'Exam',235),('EEE','2014B',30714,'TMA',33),('EEE','2014B',30715,'TMA',68),('EEE','2014B',30716,'TMA',117),('EEE','2014B',30717,'TMA',152),('EEE','2014B',30718,'Exam',228),('EEE','2014J',30719,'TMA',33),('EEE','2014J',30720,'TMA',68),('EEE','2014J',30721,'TMA',131),('EEE','2014J',30722,'TMA',166),('EEE','2014J',30723,'Exam',235),('FFF','2013B',34860,'TMA',19),('FFF','2013B',34861,'TMA',47),('FFF','2013B',34862,'TMA',89),('FFF','2013B',34863,'TMA',131),('FFF','2013B',34864,'TMA',166),('FFF','2013B',34865,'CMA',222),('FFF','2013B',34866,'CMA',222),('FFF','2013B',34867,'CMA',222),('FFF','2013B',34868,'CMA',222),('FFF','2013B',34869,'CMA',222),('FFF','2013B',34870,'CMA',222),('FFF','2013B',34871,'CMA',222),('FFF','2013B',34872,'Exam',222),('FFF','2013J',34873,'TMA',19),('FFF','2013J',34874,'TMA',47),('FFF','2013J',34875,'TMA',96),('FFF','2013J',34876,'TMA',131),('FFF','2013J',34877,'TMA',173),('FFF','2013J',34878,'CMA',236),('FFF','2013J',34879,'CMA',236),('FFF','2013J',34880,'CMA',236),('FFF','2013J',34881,'CMA',236),('FFF','2013J',34882,'CMA',236),('FFF','2013J',34883,'CMA',236),('FFF','2013J',34884,'CMA',236),('FFF','2013J',34885,'Exam',236),('FFF','2014B',34886,'TMA',24),('FFF','2014B',34887,'TMA',52),('FFF','2014B',34888,'TMA',87),('FFF','2014B',34889,'TMA',129),('FFF','2014B',34890,'TMA',171),('FFF','2014B',34891,'CMA',227),('FFF','2014B',34892,'CMA',227),('FFF','2014B',34893,'CMA',227),('FFF','2014B',34894,'CMA',227),('FFF','2014B',34895,'CMA',227),('FFF','2014B',34896,'CMA',227),('FFF','2014B',34897,'CMA',227),('FFF','2014B',34898,'Exam',227),('FFF','2014J',34899,'TMA',24),('FFF','2014J',34900,'TMA',52),('FFF','2014J',34901,'TMA',94),('FFF','2014J',34902,'TMA',136),('FFF','2014J',34903,'TMA',199),('FFF','2014J',34904,'CMA',241),('FFF','2014J',34905,'CMA',241),('FFF','2014J',34906,'CMA',241),('FFF','2014J',34907,'CMA',241),('FFF','2014J',34908,'CMA',241),('FFF','2014J',34909,'CMA',241),('FFF','2014J',34910,'CMA',241),('FFF','2014J',34911,'Exam',241),('GGG','2013J',37415,'TMA',61),('GGG','2013J',37416,'TMA',124),('GGG','2013J',37417,'TMA',173),('GGG','2013J',37418,'CMA',229),('GGG','2013J',37419,'CMA',229),('GGG','2013J',37420,'CMA',229),('GGG','2013J',37421,'CMA',229),('GGG','2013J',37422,'CMA',229),('GGG','2013J',37423,'CMA',229),('GGG','2013J',37424,'Exam',229),('GGG','2014B',37425,'TMA',61),('GGG','2014B',37426,'TMA',117),('GGG','2014B',37427,'TMA',166),('GGG','2014B',37428,'CMA',222),('GGG','2014B',37429,'CMA',222),('GGG','2014B',37430,'CMA',222),('GGG','2014B',37431,'CMA',222),('GGG','2014B',37432,'CMA',222),('GGG','2014B',37433,'CMA',222),('GGG','2014B',37434,'Exam',222),('GGG','2014J',37435,'TMA',61),('GGG','2014J',37436,'TMA',124),('GGG','2014J',37437,'TMA',173),('GGG','2014J',37438,'CMA',229),('GGG','2014J',37439,'CMA',229),('GGG','2014J',37440,'CMA',229),('GGG','2014J',37441,'CMA',229),('GGG','2014J',37442,'CMA',229),('GGG','2014J',37443,'CMA',229),('GGG','2014J',37444,'Exam',229);

--
-- Table structure for table `courses`
--
CREATE TABLE `courses` (
  `code_module` varchar(45) NOT NULL,
  `code_presentation` varchar(45) NOT NULL,
  `module_presentation_length` int DEFAULT NULL,
  PRIMARY KEY (`code_module`,`code_presentation`)
);
--
-- Dumping data for table `courses`
--
INSERT INTO `courses` VALUES ('AAA','2013J',268),('AAA','2014J',269),('BBB','2013B',240),('BBB','2013J',268),('BBB','2014B',234),('BBB','2014J',262),('CCC','2014B',241),('CCC','2014J',269),('DDD','2013B',240),('DDD','2013J',261),('DDD','2014B',241),('DDD','2014J',262),('EEE','2013J',268),('EEE','2014B',241),('EEE','2014J',269),('FFF','2013B',240),('FFF','2013J',268),('FFF','2014B',241),('FFF','2014J',269),('GGG','2013J',261),('GGG','2014B',241),('GGG','2014J',269);

--
-- Table structure for table `studentassessment`
--

CREATE TABLE `studentassessment` (
  `id_assessment` int NOT NULL,
  `id_student` int NOT NULL,
  `date_submitted` int DEFAULT NULL,
  `is_banked` int DEFAULT NULL,
  `score` float DEFAULT NULL,
  PRIMARY KEY (`id_assessment`,`id_student`)
);
--
-- Dumping data for table `studentassessment`
--
INSERT INTO `studentassessment` VALUES (1752,11391,18,0,78),(1752,28400,22,0,70),(1752,31604,17,0,72),(1752,32885,26,0,69),(1753,11391,53,0,85),(1753,28400,52,0,68),(1753,31604,51,0,71),(1753,32885,75,0,30),(1754,11391,115,0,80),(1754,28400,121,0,70),(1754,31604,115,0,74),(1754,32885,124,0,63),(1755,11391,164,0,85),(1755,28400,164,0,64),(1755,31604,165,0,88),(1755,32885,181,0,35),(1756,11391,212,0,82),(1756,28400,212,0,60),(1756,31604,213,0,75),(1756,32885,222,0,75),(1758,6516,17,0,60),(1758,24734,23,0,41),(1758,26192,18,0,87),(1758,28061,18,0,78),(1758,31600,24,0,47),(1759,6516,51,0,48),(1759,24734,64,0,38),(1759,26192,53,0,83),(1759,28061,60,0,81),(1759,31600,53,0,52),(1760,6516,116,0,63),(1760,24734,121,0,52),(1760,26192,116,0,85),(1760,28061,117,0,71),(1760,31600,121,0,57),(1761,6516,164,0,61),(1761,24734,185,0,55),(1761,26192,165,0,88),(1761,28061,166,0,82),(1761,31600,171,0,64),(1762,6516,210,0,77),(1762,24734,215,0,48),(1762,26192,213,0,88),(1762,28061,215,0,76),(1762,31600,214,0,54),(14984,23629,9,0,67),(14984,25107,20,0,59),(14984,27891,18,0,73),(14984,29144,18,0,60),(14984,31663,18,0,88),(14984,33666,18,0,58),(14985,23629,59,0,63),(14985,25107,46,0,60),(14985,27891,54,0,67),(14985,29144,51,0,55),(14985,31663,46,0,80),(14985,33666,47,0,78),(14986,25107,88,0,63),(14986,27891,89,0,55),(14986,29144,89,0,70),(14986,31663,89,0,85),(14987,25107,124,0,53),(14987,29144,124,0,72),(14987,31663,127,0,54),(14988,25107,159,0,61),(14988,29144,172,0,62),(14988,31663,159,0,15),(14989,25107,187,0,55),(14989,31663,187,0,70);

--
-- Table structure for table `studentinfo`
--
CREATE TABLE `studentinfo` (
  `code_module` varchar(45) NOT NULL,
  `code_presentation` varchar(45) NOT NULL,
  `id_student` int NOT NULL,
  `gender` text,
  `region` text,
  `imd_band` text,
  `age_band` text,
  `num_of_prev_attempts` int DEFAULT NULL,
  `studied_credits` int DEFAULT NULL,
  `disability` text,
  `final_result` text,
  PRIMARY KEY (`code_presentation`,`code_module`,`id_student`)
);
--
-- Dumping data for table `studentinfo`
--
INSERT INTO `studentinfo` VALUES ('BBB','2013B',60,'M','Scotland','15016','0-35',2,27891,'Y','Withdrawn'),('BBB','2013B',72,'F','East Anglian Region','14997','55<=',0,30091,'N','Pass'),('BBB','2013B',80,'F','East Anglian Region','14993','55<=',2,31663,'N','Fail'),('BBB','2013B',84,'M','South Region','24285','55<=',0,29764,'N','Fail'),('BBB','2013B',100,'M','North Region','24296','55<=',0,27116,'N','Pass'),('DDD','2013B',100,'F','East Anglian Region','14995','55<=',0,31663,'N','Withdrawn'),('FFF','2013B',75,'F','South East Region','25348','55<=',0,27935,'N','Distinction'),('AAA','2013J',57,'F','Scotland','15022','55<=',0,32930,'N','Pass'),('AAA','2013J',92,'F','North Western Region','24292','55<=',0,30096,'Y','Withdrawn'),('AAA','2013J',100,'F','South East Region','24295','55<=',0,31161,'N','Pass'),('AAA','2013J',11391,'M','East Anglian Region','90-100%','55<=',0,240,'N','Pass'),('AAA','2013J',32885,'F','West Midlands Region','50-60%','0-35',0,60,'N','Pass'),('BBB','2013J',60,'F','South West Region','24292','55<=',0,23698,'Y','Pass'),('BBB','2013J',67,'M','North Western Region','15009','0-35',0,27891,'Y','Fail'),('BBB','2013J',88,'F','Scotland','14999','55<=',0,23798,'N','Withdrawn'),('BBB','2013J',89,'F','South West Region','24296','55<=',0,29420,'N','Pass'),('BBB','2013J',100,'F','East Anglian Region','14993','55<=',0,25107,'N','Withdrawn'),('DDD','2013J',1,'F','Yorkshire Region','15020','55<=',0,32930,'N','Fail'),('DDD','2013J',33,'M','East Midlands Region','24287','55<=',0,28418,'N','Pass'),('DDD','2013J',58,'F','South West Region','25348','55<=',0,28046,'N','Pass'),('DDD','2013J',60,'M','South West Region','15006','55<=',0,31849,'N','Withdrawn'),('DDD','2013J',69,'M','South East Region','24293','55<=',2,23698,'N','Fail'),('DDD','2013J',78,'F','East Midlands Region','24295','55<=',0,25261,'N','Withdrawn'),('DDD','2013J',80,'M','South East Region','24299','35-55',2,23698,'Y','Withdrawn'),('DDD','2013J',99,'M','North Western Region','24294','35-55',1,30850,'N','Fail'),('DDD','2013J',100,'M','South Region','14991','35-55',0,25107,'N','Withdrawn'),('DDD','2013J',33387,'M','Scotland','24298','35-55',1,23698,'N','Withdrawn'),('EEE','2013J',95,'M','North Western Region','24297','35-55',0,29420,'N','Withdrawn'),('EEE','2013J',100,'M','Wales','15005','35-55',0,27759,'N','Fail'),('FFF','2013J',30,'M','West Midlands Region','24286','35-55',0,28418,'N','Distinction'),('FFF','2013J',56,'F','London Region','24298','35-55',0,29420,'N','Withdrawn'),('FFF','2013J',94,'M','East Midlands Region','40-50%','0-35',1,23698,'N','Fail'),('FFF','2013J',98,'M','South Region','24296','35-55',0,30096,'N','Fail'),('FFF','2013J',100,'M','South East Region','15003','35-55',2,30091,'N','Fail'),('GGG','2013J',85,'M','East Midlands Region','14996','35-55',0,31014,'N','Distinction'),('GGG','2013J',89,'M','North Western Region','15001','35-55',0,23798,'N','Pass'),('GGG','2013J',100,'F','London Region','24296','0-35',0,31161,'N','Pass'),('BBB','2014B',1,'M','Scotland','15020','0-35',4,26315,'Y','Fail'),('BBB','2014B',63,'F','Scotland','14999','0-35',1,31849,'N','Withdrawn'),('BBB','2014B',67,'F','London Region','15000','0-35',2,27759,'N','Withdrawn'),('CCC','2014B',52,'M','East Anglian Region','24291','0-35',0,28952,'N','Pass'),('CCC','2014B',62,'F','West Midlands Region','15022','0-35',0,26734,'N','Fail'),('CCC','2014B',76,'M','East Anglian Region','24291','0-35',0,29820,'N','Distinction'),('DDD','2014B',61,'F','East Anglian Region','14996','0-35',1,27759,'N','Pass'),('DDD','2014B',89,'F','East Midlands Region','24295','0-35',1,28787,'N','Withdrawn'),('EEE','2014B',70,'M','North Western Region','14997','0-35',0,31849,'N','Pass'),('EEE','2014B',72,'M','North Region','24289','0-35',0,29820,'N','Pass'),('EEE','2014B',90,'M','East Anglian Region','24291','0-35',0,29639,'N','Pass'),('EEE','2014B',100,'M','Wales','15015','0-35',0,25997,'N','Pass'),('FFF','2014B',73,'M','London Region','15008','0-35',0,27891,'N','Pass'),('FFF','2014B',92,'F','South Region','24282','0-35',0,29764,'N','Fail'),('FFF','2014B',96,'F','London Region','24298','0-35',1,30096,'N','Withdrawn'),('FFF','2014B',99,'M','East Anglian Region','24292','0-35',1,31161,'N','Fail'),('FFF','2014B',100,'F','London Region','15003','0-35',0,23798,'N','Pass'),('FFF','2014B',26269,'M','Yorkshire Region','15003','0-35',0,60,'N','Withdrawn'),('GGG','2014B',84,'M','South West Region','24294','0-35',0,27116,'N','Pass'),('GGG','2014B',100,'F','Yorkshire Region','14994','0-35',0,31663,'Y','Pass'),('AAA','2014J',75,'F','East Anglian Region','15001','0-35',0,30091,'N','Distinction'),('AAA','2014J',90,'F','South Region','14997','0-35',0,23798,'N','Pass'),('AAA','2014J',100,'M','Scotland','14991','0-35',0,29144,'N','Pass'),('AAA','2014J',28061,'M','Yorkshire Region','40-50%','35-55',0,26315,'N','Pass'),('BBB','2014J',98,'F','South West Region','24297','0-35',2,27116,'N','Withdrawn'),('BBB','2014J',100,'F','East Anglian Region','15004','0-35',1,23798,'N','Pass'),('CCC','2014J',60,'F','East Anglian Region','14993','0-35',0,29144,'N','Pass'),('CCC','2014J',61,'F','Scotland','14998','0-35',0,27759,'N','Withdrawn'),('CCC','2014J',62,'M','South East Region','15024','0-35',0,26315,'N','Pass'),('CCC','2014J',76,'M','Wales','24288','0-35',0,29820,'N','Pass'),('CCC','2014J',79,'M','North Region','24288','0-35',0,29820,'N','Pass'),('CCC','2014J',80,'M','Yorkshire Region','15005','0-35',0,31849,'N','Distinction'),('CCC','2014J',87,'F','Yorkshire Region','24283','0-35',0,29820,'N','Withdrawn'),('CCC','2014J',89,'M','South Region','24294','0-35',0,29639,'N','Distinction'),('CCC','2014J',90,'M','East Midlands Region','24286','0-35',0,29820,'N','Withdrawn'),('DDD','2014J',44,'M','South East Region','24299','0-35',3,28787,'Y','Fail'),('DDD','2014J',74,'M','East Anglian Region','24299','0-35',2,29639,'N','Pass'),('DDD','2014J',82,'F','London Region','14998','55<=',2,31014,'N','Withdrawn'),('DDD','2014J',96,'M','Scotland','24298','55<=',2,27116,'N','Fail'),('DDD','2014J',100,'M','London Region','14992','55<=',1,25107,'N','Withdrawn'),('DDD','2014J',33897,'M','West Midlands Region','25348','55<=',1,8462,'N','Withdrawn'),('EEE','2014J',62,'M','Scotland','15023','55<=',0,26315,'N','Fail'),('FFF','2014J',0,'M','East Midlands Region','24295','55<=',1,29411,'N','Fail'),('GGG','2014J',31205,'M','East Midlands Region','24295','55<=',0,23698,'Y','Fail');


--
-- Table structure for table `inpatientcharges`
--

DROP TABLE IF EXISTS `inpatientcharges`;
/*!40101 SET @saved_cs_client     = @@character_set_client */;
/*!50503 SET character_set_client = utf8mb4 */;
CREATE TABLE `inpatientcharges` (
  `DRG_Definition` text,
  `Provider_Id` int DEFAULT NULL,
  `Provider_Name` text,
  `Provider_Street_Address` text,
  `Provider_City` text,
  `Provider_State` text,
  `Provider_Zip_Code` int DEFAULT NULL,
  `Hospital_Referral_Region_Description` text,
  `Total_Discharges` int DEFAULT NULL,
  `Average_Covered_Charges` text,
  `Average_Total_Payments` text,
  `Average_Medicare_Payments` text
) ENGINE=InnoDB DEFAULT CHARSET=utf8mb4 COLLATE=utf8mb4_0900_ai_ci;
/*!40101 SET character_set_client = @saved_cs_client */;

--
-- Dumping data for table `inpatientcharges`
--

LOCK TABLES `inpatientcharges` WRITE;
/*!40000 ALTER TABLE `inpatientcharges` DISABLE KEYS */;
INSERT INTO `inpatientcharges` VALUES ('287 - CIRCULATORY DISORDERS EXCEPT AMI, W CARD CATH W/O MCC',20017,'ALASKA REGIONAL HOSPITAL','2801 DEBARR ROAD','ANCHORAGE','AK',99508,'AK - Anchorage',14,'$49010.50','$13411.50','$5965.50'),('195 - SIMPLE PNEUMONIA & PLEURISY W/O CC/MCC',310029,'OUR LADY OF LOURDES MEDICAL CENTER','1600 HADDON AVENUE','CAMDEN','NJ',8103,'NJ - Camden',42,'$38083.54','$5574.61','$4590.64'),('638 - DIABETES W CC',170137,'LAWRENCE MEMORIAL HOSPITAL','325 MAINE ST','LAWRENCE','KS',66044,'MO - Kansas City',16,'$10302.56','$4750.81','$3948.18'),('195 - SIMPLE PNEUMONIA & PLEURISY W/O CC/MCC',110150,'OCONEE REGIONAL MEDICAL CENTER','821 N COBB STREET  POST OFFICE BOX 690','MILLEDGEVILLE','GA',31061,'GA - Macon',15,'$14221.66','$4288.26','$3393.33'),('149 - DYSEQUILIBRIUM',360065,'FISHER-TITUS HOSPITAL','272 BENEDICT AVENUE','NORWALK','OH',44857,'OH - Cleveland',15,'$9094.86','$3647.40','$2750.33'),('292 - HEART FAILURE & SHOCK W CC',10055,'FLOWERS HOSPITAL','4370 WEST MAIN STREET','DOTHAN','AL',36305,'AL - Dothan',136,'$30681.01','$5596.40','$4675.98'),('193 - SIMPLE PNEUMONIA & PLEURISY W MCC',230054,'MARQUETTE GENERAL HOSPITAL','420 W MAGNETIC','MARQUETTE','MI',49855,'MI - Marquette',30,'$15778.96','$10244.46','$9456.33'),('491 - BACK & NECK PROC EXC SPINAL FUSION W/O CC/MCC',450890,'BAYLOR REGIONAL MEDICAL CENTER AT PLANO','4700 ALLIANCE BOULEVARD','PLANO','TX',75093,'TX - Dallas',15,'$23793.40','$5629.66','$4026.93'),('698 - OTHER KIDNEY & URINARY TRACT DIAGNOSES W MCC',440059,'COOKEVILLE REGIONAL MEDICAL CENTER','1 MEDICAL CENTER BOULEVARD','COOKEVILLE','TN',38501,'TN - Nashville',16,'$14439.56','$8729.56','$7884.56'),('684 - RENAL FAILURE W/O CC/MCC',140180,'ST MARY & ELIZABETH MED CTR-DIVISION CAMPUS','2233 W DIVISION ST','CHICAGO','IL',60622,'IL - Chicago',17,'$21683.05','$7272.82','$4808.47'),('066 - INTRACRANIAL HEMORRHAGE OR CEREBRAL INFARCTION W/O CC/MCC',50069,'ST JOSEPH HOSPITAL','1100 WEST STEWART DR','ORANGE','CA',92868,'CA - Orange County',19,'$32144.05','$5867.31','$4980.36'),('552 - MEDICAL BACK PROBLEMS W/O MCC',380047,'ST CHARLES MEDICAL CENTER - BEND','2500 NE NEFF ROAD','BEND','OR',97701,'OR - Bend',22,'$18427.72','$5250.50','$4058.54'),('039 - EXTRACRANIAL PROCEDURES W/O CC/MCC',100168,'BOCA RATON REGIONAL HOSPITAL','800 MEADOWS RD','BOCA RATON','FL',33486,'FL - Fort Lauderdale',27,'$26130.25','$5820.00','$4781.33'),('603 - CELLULITIS W/O MCC',300005,'LAKES REGION GENERAL HOSPITAL','80 HIGHLAND ST','LACONIA','NH',3246,'NH - Manchester',31,'$19963.25','$5436.96','$4454.12'),('602 - CELLULITIS W MCC',140067,'SAINT FRANCIS MEDICAL CENTER','530 NE GLEN OAK AVE','PEORIA','IL',61637,'IL - Peoria',21,'$41665.76','$10392.66','$9458.42'),('641 - MISC DISORDERS OF NUTRITION,METABOLISM,FLUIDS/ELECTROLYTES W/O MCC',510018,'JACKSON GENERAL HOSPITAL','122 PINNELL ST','RIPLEY','WV',25271,'WV - Charleston',15,'$7623.13','$3942.86','$3079.13'),('470 - MAJOR JOINT REPLACEMENT OR REATTACHMENT OF LOWER EXTREMITY W/O MCC',460049,'THE ORTHOPEDIC SPECIALTY HOSPITAL','5848 SOUTH 300 EAST','MURRAY','UT',84107,'UT - Salt Lake City',251,'$31985.88','$13310.93','$8088.83'),('313 - CHEST PAIN',210017,'GARRETT COUNTY MEMORIAL HOSPITAL','251 N FOURTH ST','OAKLAND','MD',21550,'WV - Morgantown',12,'$4516.58','$4245.75','$3121.75'),('418 - LAPAROSCOPIC CHOLECYSTECTOMY W/O C.D.E. W CC',330055,'NEW YORK HOSPITAL MEDICAL CENTER OF QUEENS','56-45 MAIN STREET','FLUSHING','NY',11355,'NY - East Long Island',11,'$41847.45','$16685.90','$15662.63'),('313 - CHEST PAIN',150089,'INDIANA UNIVERSITY HEALTH BALL MEMORIAL HOSPITAL','2401 UNIVERSITY AVE','MUNCIE','IN',47303,'IN - Muncie',196,'$17816.22','$3779.09','$2682.59'),('189 - PULMONARY EDEMA & RESPIRATORY FAILURE',230036,'ALPENA REGIONAL MEDICAL CENTER','1501 W CHISHOLM ST','ALPENA','MI',49707,'MI - Saginaw',23,'$22336.65','$8822.00','$8332.60'),('195 - SIMPLE PNEUMONIA & PLEURISY W/O CC/MCC',230236,'METRO HEALTH HOSPITAL','5900 BYRON CENTER AVENUE, SW','WYOMING','MI',49519,'MI - Grand Rapids',14,'$7602.50','$5077.28','$4197.00'),('918 - POISONING & TOXIC EFFECTS OF DRUGS W/O MCC',340090,'JOHNSTON MEMORIAL HOSPITAL','509 BRIGHT LEAF BLVD','SMITHFIELD','NC',27577,'NC - Raleigh',15,'$15359.46','$4784.53','$3137.60'),('178 - RESPIRATORY INFECTIONS & INFLAMMATIONS W CC',160045,'ST LUKES HOSPITAL','1026 A AVE NE','CEDAR RAPIDS','IA',52402,'IA - Cedar Rapids',15,'$26349.33','$8760.40','$8089.73'),('312 - SYNCOPE & COLLAPSE',460005,'OGDEN REGIONAL MEDICAL CENTER','5475 SOUTH 500 EAST','OGDEN','UT',84405,'UT - Ogden',12,'$13908.33','$4261.50','$3415.16'),('470 - MAJOR JOINT REPLACEMENT OR REATTACHMENT OF LOWER EXTREMITY W/O MCC',360078,'ROBINSON MEMORIAL HOSPITAL','6847 N CHESTNUT','RAVENNA','OH',44266,'OH - Akron',61,'$35186.60','$11641.57','$10149.22'),('195 - SIMPLE PNEUMONIA & PLEURISY W/O CC/MCC',330393,'UNIVERSITY HOSPITAL ( STONY BROOK )','HEALTH SCIENCES CENTER SUNY','STONY BROOK','NY',11794,'NY - East Long Island',39,'$18875.64','$7322.12','$6312.79'),('690 - KIDNEY & URINARY TRACT INFECTIONS W/O MCC',100234,'COLUMBIA HOSPITAL','2201 45TH ST','WEST PALM BEACH','FL',33407,'FL - Fort Lauderdale',29,'$41643.58','$5363.13','$4495.10'),('389 - G.I. OBSTRUCTION W CC',120005,'HILO MEDICAL CENTER','1190 WAIANUENUE AVENUE','HILO','HI',96720,'HI - Honolulu',13,'$14143.00','$9280.00','$8416.61'),('192 - CHRONIC OBSTRUCTIVE PULMONARY DISEASE W/O CC/MCC',450211,'MEMORIAL HEALTH SYSTEM OF EAST TEXAS- LUFKIN','1201 WEST FRANK STREET','LUFKIN','TX',75901,'TX - Houston',46,'$33664.63','$3786.00','$2811.39'),('690 - KIDNEY & URINARY TRACT INFECTIONS W/O MCC',390164,'UPMC PRESBYTERIAN SHADYSIDE','200 LOTHROP STREET','PITTSBURGH','PA',15213,'PA - Pittsburgh',180,'$33686.63','$7124.21','$6039.75'),('918 - POISONING & TOXIC EFFECTS OF DRUGS W/O MCC',390174,'THOMAS JEFFERSON UNIVERSITY HOSPITAL','111 SOUTH 11TH STREET','PHILADELPHIA','PA',19107,'PA - Philadelphia',22,'$19366.95','$5870.50','$5183.13'),('195 - SIMPLE PNEUMONIA & PLEURISY W/O CC/MCC',370089,'TAHLEQUAH CITY HOSPITAL','1400 EAST DOWNING STREET','TAHLEQUAH','OK',74465,'OK - Tulsa',11,'$8937.36','$3941.45','$3129.81'),('378 - G.I. HEMORRHAGE W CC',10164,'COOSA VALLEY MEDICAL CENTER','315 W HICKORY ST','SYLACAUGA','AL',35150,'AL - Birmingham',32,'$23543.68','$6143.93','$4795.56'),('190 - CHRONIC OBSTRUCTIVE PULMONARY DISEASE W MCC',30087,'SCOTTSDALE HEALTHCARE-SHEA MEDICAL CENTER','9003 EAST SHEA BOULEVARD','SCOTTSDALE','AZ',85260,'AZ - Phoenix',41,'$38594.31','$7505.19','$5953.51'),('305 - HYPERTENSION W/O MCC',310022,'VIRTUA WEST JERSEY HOSPITALS BERLIN','WHITEHORSE PIKE AND TOWNSEND AVENUE','BERLIN','NJ',8009,'NJ - Camden',75,'$34305.62','$4603.22','$2758.64'),('305 - HYPERTENSION W/O MCC',10104,'TRINITY MEDICAL CENTER','800 MONTCLAIR RD','BIRMINGHAM','AL',35213,'AL - Birmingham',16,'$24602.43','$3509.00','$2528.50'),('195 - SIMPLE PNEUMONIA & PLEURISY W/O CC/MCC',440130,'BAPTIST MEMORIAL HOSPITAL UNION CITY','1201 BISHOP ST, PO BOX 310','UNION CITY','TN',38261,'TN - Memphis',12,'$9652.58','$3671.33','$2644.33'),('193 - SIMPLE PNEUMONIA & PLEURISY W MCC',360054,'HOLZER MEDICAL CENTER','100 JACKSON PIKE','GALLIPOLIS','OH',45631,'OH - Columbus',55,'$20302.78','$8213.87','$7316.58'),('683 - RENAL FAILURE W CC',370211,'INTEGRIS CANADIAN VALLEY  HOSPITAL','1201 HEALTH CENTER PARKWAY','YUKON','OK',73099,'OK - Oklahoma City',14,'$41911.85','$7391.64','$6124.42'),('473 - CERVICAL SPINAL FUSION W/O CC/MCC',100128,'TAMPA GENERAL HOSPITAL','1 TAMPA GENERAL CIRCLE','TAMPA','FL',33606,'FL - Tampa',20,'$109748.00','$19433.80','$12173.90'),('190 - CHRONIC OBSTRUCTIVE PULMONARY DISEASE W MCC',310028,'NEWTON MEMORIAL HOSPITAL','175 HIGH ST','NEWTON','NJ',7860,'NJ - Morristown',75,'$65230.45','$7929.56','$7030.00'),('178 - RESPIRATORY INFECTIONS & INFLAMMATIONS W CC',330103,'OLEAN GENERAL HOSPITAL','515 MAIN STREET','OLEAN','NY',14760,'NY - Buffalo',13,'$10264.92','$7778.61','$6960.00'),('192 - CHRONIC OBSTRUCTIVE PULMONARY DISEASE W/O CC/MCC',220060,'JORDAN HOSPITAL INC','275 SANDWICH STREET','PLYMOUTH','MA',2360,'MA - Boston',103,'$6915.39','$5030.89','$3775.19'),('391 - ESOPHAGITIS, GASTROENT & MISC DIGEST DISORDERS W MCC',210019,'PENINSULA REGIONAL MEDICAL CENTER','100 E CARROLL AVE','SALISBURY','MD',21801,'MD - Salisbury',38,'$7789.73','$7328.02','$6429.94'),('251 - PERC CARDIOVASC PROC W/O CORONARY ARTERY STENT W/O MCC',180104,'WESTERN BAPTIST HOSPITAL','2501 KENTUCKY AVENUE','PADUCAH','KY',42003,'KY - Paducah',29,'$27559.65','$9674.48','$8364.96'),('066 - INTRACRANIAL HEMORRHAGE OR CEREBRAL INFARCTION W/O CC/MCC',490118,'HENRICO DOCTORS\' HOSPITAL','1602 SKIPWITH ROAD','RICHMOND','VA',23229,'VA - Richmond',47,'$30024.63','$6066.93','$3652.74'),('481 - HIP & FEMUR PROCEDURES EXCEPT MAJOR JOINT W CC',450484,'WOODLAND HEIGHTS MEDICAL CENTER','505 SOUTH JOHN REDDITT DRIVE','LUFKIN','TX',75904,'TX - Houston',19,'$104813.10','$10203.36','$9142.73'),('208 - RESPIRATORY SYSTEM DIAGNOSIS W VENTILATOR SUPPORT <96 HOURS',190040,'SLIDELL MEMORIAL HOSPITAL AND MEDICAL CENTER','1001 GAUSE BLVD','SLIDELL','LA',70458,'LA - Slidell',27,'$73389.88','$13467.62','$12633.85'),('314 - OTHER CIRCULATORY SYSTEM DIAGNOSES W MCC',250031,'RIVER REGION HEALTH SYSTEM','2100 HWY 61 N','VICKSBURG','MS',39183,'MS - Jackson',20,'$79456.40','$14541.75','$13473.55'),('552 - MEDICAL BACK PROBLEMS W/O MCC',30023,'FLAGSTAFF MEDICAL CENTER','1200 NORTH BEAVER STREET','FLAGSTAFF','AZ',86001,'AZ - Phoenix',22,'$37940.27','$9281.45','$7350.04'),('689 - KIDNEY & URINARY TRACT INFECTIONS W MCC',360172,'MERCY REGIONAL MEDICAL CENTER','3700 KOLBE ROAD','LORAIN','OH',44053,'OH - Elyria',33,'$18060.21','$6602.75','$5852.93'),('310 - CARDIAC ARRHYTHMIA & CONDUCTION DISORDERS W/O CC/MCC',140187,'ST ELIZABETH HOSPITAL','211 S THIRD ST','BELLEVILLE','IL',62220,'MO - St. Louis',57,'$11205.47','$3355.49','$2107.52'),('293 - HEART FAILURE & SHOCK W/O CC/MCC',450210,'ETMC CARTHAGE','409 WEST COTTAGE','CARTHAGE','TX',75633,'LA - Shreveport',13,'$28835.30','$4379.00','$3423.61'),('812 - RED BLOOD CELL DISORDERS W/O MCC',340155,'DURHAM REGIONAL HOSPITAL','3643 N ROXBORO ROAD','DURHAM','NC',27704,'NC - Durham',21,'$14219.57','$5233.52','$4324.76'),('203 - BRONCHITIS & ASTHMA W/O CC/MCC',10062,'WIREGRASS MEDICAL CENTER','1200 W MAPLE AVENUE','GENEVA','AL',36340,'AL - Dothan',12,'$4648.41','$3470.50','$2349.16'),('287 - CIRCULATORY DISORDERS EXCEPT AMI, W CARD CATH W/O MCC',50724,'BAKERSFIELD HEART HOSPITAL','3001 SILLECT AVENUE','BAKERSFIELD','CA',93308,'CA - Bakersfield',111,'$42326.29','$7292.38','$6158.39'),('149 - DYSEQUILIBRIUM',50382,'CITRUS VALLEY MEDICAL CENTER-IC CAMPUS','210 W  SAN BERNARDINO ROAD','COVINA','CA',91723,'CA - Los Angeles',20,'$19934.90','$5847.00','$5002.80'),('812 - RED BLOOD CELL DISORDERS W/O MCC',440227,'STONECREST MEDICAL CENTER','200 STONECREST BOULEVARD','SMYRNA','TN',37167,'TN - Nashville',21,'$14430.66','$4991.42','$3895.52'),('470 - MAJOR JOINT REPLACEMENT OR REATTACHMENT OF LOWER EXTREMITY W/O MCC',70011,'CHARLOTTE HUNGERFORD HOSPITAL','540 LITCHFIELD ST','TORRINGTON','CT',6790,'CT - Hartford',84,'$23063.00','$14350.83','$12051.97'),('238 - MAJOR CARDIOVASC PROCEDURES W/O MCC',30085,'NORTHWEST MEDICAL CENTER','6200 NORTH LA CHOLLA BOULEVARD','TUCSON','AZ',85741,'AZ - Tucson',13,'$117206.38','$18308.15','$17444.76'),('418 - LAPAROSCOPIC CHOLECYSTECTOMY W/O C.D.E. W CC',210061,'ATLANTIC GENERAL HOSPITAL','9733 HEALTHWAY DRIVE','BERLIN','MD',21811,'MD - Salisbury',11,'$12541.18','$11788.54','$10871.09'),('069 - TRANSIENT ISCHEMIA',110095,'TIFT REGIONAL MEDICAL CENTER','901 E 18TH STREET','TIFTON','GA',31793,'FL - Tallahassee',28,'$16326.71','$4323.00','$3483.14'),('602 - CELLULITIS W MCC',310008,'HOLY NAME MEDICAL CENTER','718 TEANECK RD','TEANECK','NJ',7666,'NJ - Hackensack',32,'$42005.78','$10296.81','$9705.28'),('308 - CARDIAC ARRHYTHMIA & CONDUCTION DISORDERS W MCC',50567,'MISSION HOSPITAL REGIONAL MED CENTER','27700 MEDICAL CENTER RD','MISSION VIEJO','CA',92691,'CA - Orange County',31,'$55071.70','$8876.70','$8155.67'),('603 - CELLULITIS W/O MCC',290003,'SUNRISE HOSPITAL AND MEDICAL CENTER','3186 S MARYLAND PKWY','LAS VEGAS','NV',89109,'NV - Las Vegas',71,'$39050.42','$6536.76','$4986.92'),('308 - CARDIAC ARRHYTHMIA & CONDUCTION DISORDERS W MCC',450299,'COLLEGE STATION MEDICAL CENTER','1604 ROCK PRAIRIE ROAD','COLLEGE STATION','TX',77842,'TX - Bryan',15,'$47473.06','$7852.06','$7328.06'),('207 - RESPIRATORY SYSTEM DIAGNOSIS W VENTILATOR SUPPORT 96+ HOURS',330222,'SARATOGA HOSPITAL','211 CHURCH STREET','SARATOGA SPRING','NY',12866,'NY - Albany',13,'$112073.23','$35488.30','$29491.30'),('312 - SYNCOPE & COLLAPSE',360161,'ST JOSEPH HEALTH CENTER','667 EASTLAND AVE SE','WARREN','OH',44481,'OH - Youngstown',42,'$14426.00','$4227.09','$3346.80'),('439 - DISORDERS OF PANCREAS EXCEPT MALIGNANCY W CC',230244,'GARDEN CITY HOSPITAL','6245 INKSTER RD','GARDEN CITY','MI',48135,'MI - Dearborn',12,'$13783.50','$7351.41','$6610.08'),('552 - MEDICAL BACK PROBLEMS W/O MCC',330203,'CROUSE HOSPITAL','736 IRVING AVENUE','SYRACUSE','NY',13210,'NY - Syracuse',66,'$13270.33','$5967.71','$4914.01'),('195 - SIMPLE PNEUMONIA & PLEURISY W/O CC/MCC',220011,'CAMBRIDGE HEALTH ALLIANCE','1493 CAMBRIDGE STREET','CAMBRIDGE','MA',2138,'MA - Boston',37,'$9760.54','$6643.02','$5700.64'),('419 - LAPAROSCOPIC CHOLECYSTECTOMY W/O C.D.E. W/O CC/MCC',320001,'UNM HOSPITAL','2211 LOMAS BOULEVARD NE','ALBUQUERQUE','NM',87106,'NM - Albuquerque',13,'$21380.69','$11431.92','$10566.07'),('690 - KIDNEY & URINARY TRACT INFECTIONS W/O MCC',500026,'SWEDISH EDMONDS HOSPITAL','21601 76TH AVENUE WEST','EDMONDS','WA',98026,'WA - Seattle',79,'$20492.45','$5328.72','$4430.84'),('536 - FRACTURES OF HIP & PELVIS W/O MCC',50058,'GLENDALE MEM HOSPITAL & HLTH CENTER','1420 S CENTRAL AVE','GLENDALE','CA',91204,'CA - Los Angeles',11,'$24661.54','$6403.54','$5176.36'),('189 - PULMONARY EDEMA & RESPIRATORY FAILURE',220020,'SAINT ANNE\'S HOSPITAL','795 MIDDLE STREET','FALL RIVER','MA',2721,'MA - Boston',21,'$16982.00','$9114.33','$8386.47'),('439 - DISORDERS OF PANCREAS EXCEPT MALIGNANCY W CC',360078,'ROBINSON MEMORIAL HOSPITAL','6847 N CHESTNUT','RAVENNA','OH',44266,'OH - Akron',15,'$16689.53','$5550.86','$4781.60'),('207 - RESPIRATORY SYSTEM DIAGNOSIS W VENTILATOR SUPPORT 96+ HOURS',330055,'NEW YORK HOSPITAL MEDICAL CENTER OF QUEENS','56-45 MAIN STREET','FLUSHING','NY',11355,'NY - East Long Island',71,'$93326.50','$46856.52','$44572.33'),('872 - SEPTICEMIA OR SEVERE SEPSIS W/O MV 96+ HOURS W/O MCC',450028,'VHS BROWNSVILLE HOSPITAL COMPANY, LLC','1040 W JEFFERSON ST','BROWNSVILLE','TX',78520,'TX - Harlingen',37,'$55268.81','$9123.97','$8213.05'),('314 - OTHER CIRCULATORY SYSTEM DIAGNOSES W MCC',340001,'CAROLINAS MEDICAL CENTER-NORTHEAST','920 CHURCH ST N','CONCORD','NC',28025,'NC - Charlotte',37,'$28193.16','$11451.00','$10273.35'),('203 - BRONCHITIS & ASTHMA W/O CC/MCC',220029,'ANNA JAQUES HOSPITAL','25 HIGHLAND AVENUE','NEWBURYPORT','MA',1950,'MA - Boston',12,'$9838.00','$4431.91','$2528.66'),('293 - HEART FAILURE & SHOCK W/O CC/MCC',390004,'HOLY SPIRIT HOSPITAL','503 NORTH 21ST STREET','CAMP HILL','PA',17011,'PA - Harrisburg',29,'$16442.44','$3673.58','$2859.37'),('690 - KIDNEY & URINARY TRACT INFECTIONS W/O MCC',140077,'TOUCHETTE REGIONAL HOSPITAL INC','5900 BOND AVENUE','CENTREVILLE','IL',62207,'MO - St. Louis',12,'$10783.41','$6037.00','$5382.00'),('202 - BRONCHITIS & ASTHMA W CC/MCC',330004,'KINGSTON HOSPITAL','396 BROADWAY','KINGSTON','NY',12401,'NY - Albany',18,'$16600.55','$6082.61','$5014.44'),('178 - RESPIRATORY INFECTIONS & INFLAMMATIONS W CC',100281,'MEMORIAL HOSPITAL WEST','703 N FLAMINGO RD','PEMBROKE PINES','FL',33028,'FL - Miami',18,'$90665.77','$10943.11','$10314.22'),('202 - BRONCHITIS & ASTHMA W CC/MCC',330306,'LUTHERAN MEDICAL CENTER','150 55TH STREET','BROOKLYN','NY',11220,'NY - Manhattan',23,'$11347.47','$10211.04','$9086.91'),('853 - INFECTIOUS & PARASITIC DISEASES W O.R. PROCEDURE W MCC',360211,'TRINITY MEDICAL CTR EAST&TRINITY MEDICAL CTR WEST','380 SUMMIT AVENUE','STEUBENVILLE','OH',43952,'PA - Pittsburgh',17,'$46714.41','$27958.11','$27397.76'),('191 - CHRONIC OBSTRUCTIVE PULMONARY DISEASE W CC',440002,'JACKSON-MADISON COUNTY GENERAL HOSPITAL','620 SKYLINE DRIVE','JACKSON','TN',38301,'TN - Jackson',191,'$12723.23','$5849.49','$4959.81'),('291 - HEART FAILURE & SHOCK W MCC',390267,'WESTERN PENNSYLVANIA HOSP FORBES REGIONAL CAMPUS','2570 HAYMAKER RD','MONROEVILLE','PA',15146,'PA - Pittsburgh',116,'$21121.82','$8113.06','$7436.81'),('247 - PERC CARDIOVASC PROC W DRUG-ELUTING STENT W/O MCC',390063,'UPMC HAMOT','201 STATE STREET','ERIE','PA',16550,'PA - Erie',127,'$90997.89','$15745.76','$8936.81'),('329 - MAJOR SMALL & LARGE BOWEL PROCEDURES W MCC',450677,'HUGULEY HEALTH SYSTEM','11801 SOUTH FREEWAY','FORT WORTH','TX',76115,'TX - Fort Worth',15,'$152744.33','$30531.53','$29707.80'),('247 - PERC CARDIOVASC PROC W DRUG-ELUTING STENT W/O MCC',180044,'PIKEVILLE MEDICAL CENTER','911 BYPASS ROAD','PIKEVILLE','KY',41501,'KY - Lexington',96,'$70482.92','$16070.05','$12875.21'),('394 - OTHER DIGESTIVE SYSTEM DIAGNOSES W CC',390290,'HAHNEMANN UNIVERSITY HOSPITAL','230 NORTH BROAD STREET','PHILADELPHIA','PA',19102,'PA - Philadelphia',16,'$80713.68','$9694.31','$8302.37'),('190 - CHRONIC OBSTRUCTIVE PULMONARY DISEASE W MCC',330267,'HUDSON VALLEY HOSPITAL CENTER','1980 CROMPOND ROAD','CORTLANDT MANOR','NY',10567,'NY - White Plains',39,'$56490.28','$11597.02','$10818.25'),('293 - HEART FAILURE & SHOCK W/O CC/MCC',140189,'SARAH BUSH LINCOLN HEALTH CENTER','1000 HEALTH CENTER DRIVE P O BOX 372','MATTOON','IL',61938,'IL - Urbana',79,'$9764.16','$3957.51','$3161.16'),('330 - MAJOR SMALL & LARGE BOWEL PROCEDURES W CC',50688,'SAINT LOUISE REGIONAL HOSPITAL','9400 NO NAME UNO','GILROY','CA',95020,'CA - San Jose',12,'$147754.00','$25079.08','$24021.08'),('871 - SEPTICEMIA OR SEVERE SEPSIS W/O MV 96+ HOURS W MCC',360133,'GRANDVIEW HOSPITAL & MEDICAL CENTER','405 GRAND AVENUE','DAYTON','OH',45405,'OH - Dayton',80,'$59251.90','$14446.20','$13078.27'),('330 - MAJOR SMALL & LARGE BOWEL PROCEDURES W CC',460021,'DIXIE REGIONAL MEDICAL CENTER','1380 EAST MEDICAL CENTER DRIVE','ST GEORGE','UT',84790,'UT - Salt Lake City',46,'$32567.58','$17024.06','$14082.50'),('812 - RED BLOOD CELL DISORDERS W/O MCC',440081,'LECONTE MEDICAL CENTER','742 MIDDLECREEK ROAD','SEVIERVILLE','TN',37862,'TN - Knoxville',17,'$14330.05','$4491.23','$3629.35'),('470 - MAJOR JOINT REPLACEMENT OR REATTACHMENT OF LOWER EXTREMITY W/O MCC',190102,'OUR LADY OF LOURDES REGIONAL MEDICAL CENTER, INC','4801 AMBASSADOR CAFFERY PARKWAY','LAFAYETTE','LA',70508,'LA - Lafayette',197,'$36859.05','$11795.72','$9769.42'),('291 - HEART FAILURE & SHOCK W MCC',380017,'LEGACY GOOD SAMARITAN MEDICAL CENTER','1015 NW 22ND AVENUE, W121','PORTLAND','OR',97210,'OR - Portland',56,'$35037.42','$13825.01','$11779.41'),('192 - CHRONIC OBSTRUCTIVE PULMONARY DISEASE W/O CC/MCC',100180,'ST PETERSBURG GENERAL HOSPITAL','6500 38TH AVE N','SAINT PETERSBUR','FL',33710,'FL - St. Petersburg',42,'$41747.28','$4572.35','$3844.19'),('481 - HIP & FEMUR PROCEDURES EXCEPT MAJOR JOINT W CC',500051,'OVERLAKE HOSPITAL MEDICAL CENTER','1035-116TH AVE NE','BELLEVUE','WA',98004,'WA - Seattle',72,'$35935.45','$10677.87','$9647.76'),('314 - OTHER CIRCULATORY SYSTEM DIAGNOSES W MCC',230227,'MOUNT CLEMENS REGIONAL MEDICAL CENTER','1000 HARRINGTON BLVD','MOUNT CLEMENS','MI',48043,'MI - Detroit',50,'$22140.14','$11660.16','$11048.66'),('329 - MAJOR SMALL & LARGE BOWEL PROCEDURES W MCC',390110,'CONEMAUGH VALLEY MEMORIAL HOSPITAL','1086 FRANKLIN STREET','JOHNSTOWN','PA',15905,'PA - Johnstown',19,'$64465.57','$31682.31','$30707.68'),('378 - G.I. HEMORRHAGE W CC',450214,'GULF COAST MEDICAL CENTER','10141 US 59 NORTH','WHARTON','TX',77488,'TX - Houston',15,'$23356.66','$6568.86','$5600.60'),('315 - OTHER CIRCULATORY SYSTEM DIAGNOSES W CC',210008,'MERCY MEDICAL CENTER INC','301 ST PAUL PLACE','BALTIMORE','MD',21202,'MD - Baltimore',12,'$9387.50','$8824.16','$8072.16'),('689 - KIDNEY & URINARY TRACT INFECTIONS W MCC',100067,'ST ANTHONY\'S HOSPITAL','1200 7TH AVENUE NORTH','SAINT PETERSBUR','FL',33705,'FL - St. Petersburg',38,'$26102.00','$6479.36','$5738.84'),('689 - KIDNEY & URINARY TRACT INFECTIONS W MCC',10054,'PARKWAY MEDICAL CENTER','1874 BELTLINE RD SW','DECATUR','AL',35601,'AL - Huntsville',11,'$40158.63','$7855.54','$4895.18'),('602 - CELLULITIS W MCC',330401,'ST CATHERINE OF SIENA HOSPITAL','50 ROUTE 25A','SMITHTOWN','NY',11787,'NY - East Long Island',23,'$43919.78','$9824.30','$8645.34'),('683 - RENAL FAILURE W CC',50636,'POMERADO HOSPITAL','15615 POMERADO ROAD','POWAY','CA',92064,'CA - San Diego',32,'$34044.43','$6520.50','$5573.37'),('057 - DEGENERATIVE NERVOUS SYSTEM DISORDERS W/O MCC',420091,'CAROLINAS HOSPITAL SYSTEM','805 PAMPLICO HWY BOX 100550','FLORENCE','SC',29505,'SC - Florence',21,'$30391.90','$5546.42','$4904.14'),('191 - CHRONIC OBSTRUCTIVE PULMONARY DISEASE W CC',200021,'MID COAST HOSPITAL','123 MEDICAL CENTER DRIVE','BRUNSWICK','ME',4011,'ME - Portland',53,'$13157.26','$5874.88','$4877.20'),('247 - PERC CARDIOVASC PROC W DRUG-ELUTING STENT W/O MCC',450424,'SAN JACINTO METHODIST HOSPITAL','4401 GARTH ROAD','BAYTOWN','TX',77521,'TX - Houston',42,'$93733.57','$13251.88','$12314.61'),('178 - RESPIRATORY INFECTIONS & INFLAMMATIONS W CC',60031,'CENTURA HEALTH-PENROSE ST FRANCIS HEALTH SERVICES','2222 N NEVADA AVE','COLORADO SPRING','CO',80907,'CO - Colorado Springs',43,'$31696.69','$8143.51','$7437.93'),('419 - LAPAROSCOPIC CHOLECYSTECTOMY W/O C.D.E. W/O CC/MCC',50100,'SHARP MEMORIAL HOSPITAL','7901 FROST ST','SAN DIEGO','CA',92123,'CA - San Diego',16,'$51681.00','$11298.31','$7527.68'),('314 - OTHER CIRCULATORY SYSTEM DIAGNOSES W MCC',490007,'SENTARA NORFOLK GENERAL HOSPITAL','600 GRESHAM DR','NORFOLK','VA',23507,'VA - Norfolk',105,'$49480.17','$17068.39','$14249.83'),('603 - CELLULITIS W/O MCC',50024,'PARADISE VALLEY HOSPITAL','2400 EAST FOURTH STREET','NATIONAL CITY','CA',91950,'CA - San Diego',28,'$27530.96','$7420.28','$6534.28'),('684 - RENAL FAILURE W/O CC/MCC',210023,'ANNE ARUNDEL MEDICAL CENTER','2001 MEDICAL PARKWAY','ANNAPOLIS','MD',21401,'DC - Washington',51,'$5522.33','$5214.31','$4342.15'),('291 - HEART FAILURE & SHOCK W MCC',190008,'TERREBONNE GENERAL MEDICAL CENTER','8166 MAIN STREET','HOUMA','LA',70360,'LA - Houma',54,'$40797.79','$8590.27','$7471.66'),('312 - SYNCOPE & COLLAPSE',440194,'HENDERSONVILLE MEDICAL CENTER','355 NEW SHACKLE ISLAND RD','HENDERSONVILLE','TN',37075,'TN - Nashville',25,'$26671.76','$4215.48','$2949.68'),('394 - OTHER DIGESTIVE SYSTEM DIAGNOSES W CC',100220,'GULF COAST MEDICAL CENTER LEE MEM HEALTH SYSTEM','13681 DOCTOR\'S WAY','FORT MYERS','FL',33912,'FL - Fort Myers',23,'$26286.60','$5628.30','$4883.30'),('372 - MAJOR GASTROINTESTINAL DISORDERS & PERITONEAL INFECTIONS W CC',10016,'SHELBY BAPTIST MEDICAL CENTER','1000 FIRST STREET NORTH','ALABASTER','AL',35007,'AL - Birmingham',17,'$33125.29','$7033.05','$6504.11'),('193 - SIMPLE PNEUMONIA & PLEURISY W MCC',340010,'WAYNE MEMORIAL HOSPITAL','2700 WAYNE MEMORIAL DR','GOLDSBORO','NC',27534,'NC - Raleigh',74,'$16532.72','$10001.25','$9322.14'),('281 - ACUTE MYOCARDIAL INFARCTION, DISCHARGED ALIVE W CC',110192,'EMORY EASTSIDE MEDICAL CENTER','1700 MEDICAL WAY','SNELLVILLE','GA',30078,'GA - Atlanta',12,'$34039.25','$6384.75','$5611.91'),('641 - MISC DISORDERS OF NUTRITION,METABOLISM,FLUIDS/ELECTROLYTES W/O MCC',330132,'TLC HEALTH NETWORK','100 MEMORIAL DRIVE','GOWANDA','NY',14070,'NY - Buffalo',17,'$5753.58','$3830.35','$3038.82'),('066 - INTRACRANIAL HEMORRHAGE OR CEREBRAL INFARCTION W/O CC/MCC',120007,'KUAKINI MEDICAL CENTER','347 NORTH KUAKINI STREET','HONOLULU','HI',96817,'HI - Honolulu',20,'$17317.65','$6490.95','$4745.90'),('853 - INFECTIOUS & PARASITIC DISEASES W O.R. PROCEDURE W MCC',330401,'ST CATHERINE OF SIENA HOSPITAL','50 ROUTE 25A','SMITHTOWN','NY',11787,'NY - East Long Island',22,'$155892.59','$37972.72','$31423.59'),('812 - RED BLOOD CELL DISORDERS W/O MCC',370094,'MIDWEST REGIONAL MEDICAL CENTER','2825 PARKLAWN DRIVE','MIDWEST CITY','OK',73110,'OK - Oklahoma City',89,'$32473.37','$4442.74','$3551.11'),('377 - G.I. HEMORRHAGE W MCC',140058,'PASSAVANT AREA HOSPITAL','1600 W WALNUT ST','JACKSONVILLE','IL',62650,'IL - Springfield',16,'$40538.87','$15517.81','$9926.43'),('300 - PERIPHERAL VASCULAR DISORDERS W CC',240115,'MERCY HOSPITAL','4050 COON RAPIDS BLVD','COON RAPIDS','MN',55433,'MN - Minneapolis',15,'$22760.46','$5859.80','$5111.53'),('419 - LAPAROSCOPIC CHOLECYSTECTOMY W/O C.D.E. W/O CC/MCC',230002,'ST MARY MERCY HOSPITAL','36475 FIVE MILE ROAD','LIVONIA','MI',48154,'MI - Ann Arbor',14,'$21840.64','$7106.92','$5467.64'),('811 - RED BLOOD CELL DISORDERS W MCC',490044,'SENTARA OBICI HOSPITAL','2800 GODWIN BOULEVARD','SUFFOLK','VA',23439,'VA - Norfolk',13,'$22921.38','$7198.53','$6504.38'),('918 - POISONING & TOXIC EFFECTS OF DRUGS W/O MCC',50290,'SAINT JOHN\'S HEALTH CENTER','2121 SANTA MONICA BLVD','SANTA MONICA','CA',90404,'CA - Los Angeles',15,'$25081.53','$3965.66','$3441.66'),('312 - SYNCOPE & COLLAPSE',230230,'EDWARD W SPARROW HOSPITAL','1215 E MICHIGAN AVENUE','LANSING','MI',48912,'MI - Lansing',169,'$20109.79','$5410.20','$4537.68'),('308 - CARDIAC ARRHYTHMIA & CONDUCTION DISORDERS W MCC',280125,'FAITH REGIONAL HEALTH SERVICES','2700 WEST NORFOLK AVE','NORFOLK','NE',68701,'NE - Omaha',11,'$18124.54','$8653.00','$7738.45'),('392 - ESOPHAGITIS, GASTROENT & MISC DIGEST DISORDERS W/O MCC',30121,'MOUNTAIN VISTA MEDICAL CENTER, LP','1301 SOUTH CRISMON ROAD','MESA','AZ',85209,'AZ - Mesa',67,'$26525.50','$5388.64','$3884.92'),('314 - OTHER CIRCULATORY SYSTEM DIAGNOSES W MCC',490004,'ROCKINGHAM MEMORIAL HOSPITAL','2010 HEALTH CAMPUS DRIVE','HARRISONBURG','VA',22801,'VA - Charlottesville',36,'$21877.88','$11301.16','$10990.30'),('064 - INTRACRANIAL HEMORRHAGE OR CEREBRAL INFARCTION W MCC',310001,'HACKENSACK UNIVERSITY MEDICAL CENTER','30 PROSPECT AVE','HACKENSACK','NJ',7601,'NJ - Hackensack',79,'$83898.10','$15651.75','$13120.40'),('872 - SEPTICEMIA OR SEVERE SEPSIS W/O MV 96+ HOURS W/O MCC',110083,'PIEDMONT HOSPITAL','1968 PEACHTREE RD NW','ATLANTA','GA',30309,'GA - Atlanta',89,'$26867.77','$6756.37','$5575.80'),('254 - OTHER VASCULAR PROCEDURES W/O CC/MCC',150017,'LUTHERAN HOSPITAL OF INDIANA','7950 W JEFFERSON BLVD','FORT WAYNE','IN',46804,'IN - Fort Wayne',42,'$57100.88','$11870.28','$7884.11'),('309 - CARDIAC ARRHYTHMIA & CONDUCTION DISORDERS W CC',50684,'MENIFEE VALLEY MEDICAL CENTER','28400 MCCALL B0ULEVARD','SUN CITY','CA',92585,'CA - San Bernardino',13,'$22416.07','$5572.30','$4791.07'),('039 - EXTRACRANIAL PROCEDURES W/O CC/MCC',330125,'ROCHESTER GENERAL HOSPITAL','1425 PORTLAND AVENUE','ROCHESTER','NY',14621,'NY - Rochester',27,'$7468.00','$7546.29','$4373.07'),('872 - SEPTICEMIA OR SEVERE SEPSIS W/O MV 96+ HOURS W/O MCC',50018,'PACIFIC ALLIANCE MEDICAL CENTER','531 W COLLEGE ST','LOS ANGELES','CA',90012,'CA - Los Angeles',19,'$26065.47','$13152.00','$12116.10'),('640 - MISC DISORDERS OF NUTRITION,METABOLISM,FLUIDS/ELECTROLYTES W MCC',450653,'SCENIC MOUNTAIN MEDICAL CENTER','1601 W 11TH PLACE','BIG SPRING','TX',79720,'TX - Lubbock',20,'$33787.65','$6989.00','$6366.40'),('195 - SIMPLE PNEUMONIA & PLEURISY W/O CC/MCC',520030,'ASPIRUS WAUSAU HOSPITAL','333 PINE RIDGE BLVD','WAUSAU','WI',54401,'WI - Wausau',25,'$12984.56','$4250.52','$3396.60'),('329 - MAJOR SMALL & LARGE BOWEL PROCEDURES W MCC',70035,'HOSPITAL OF CENTRAL CONNECTICUT, THE','100 GRAND STREET','NEW BRITAIN','CT',6050,'CT - Hartford',25,'$87458.16','$39216.12','$36562.20'),('389 - G.I. OBSTRUCTION W CC',100117,'BAPTIST MEDICAL CENTER  BEACHES','1350 13TH AVE S','JACKSONVILLE BE','FL',32250,'FL - Jacksonville',15,'$23419.93','$4859.66','$4035.93'),('640 - MISC DISORDERS OF NUTRITION,METABOLISM,FLUIDS/ELECTROLYTES W MCC',110043,'ST JOSEPH\'S HOSPITAL - SAVANNAH','11705 MERCY BOULEVARD','SAVANNAH','GA',31419,'GA - Savannah',22,'$24384.27','$6139.09','$5014.81'),('690 - KIDNEY & URINARY TRACT INFECTIONS W/O MCC',110143,'WELLSTAR COBB HOSPITAL','3950 AUSTELL RD','AUSTELL','GA',30106,'GA - Atlanta',128,'$18216.65','$5345.91','$3888.92'),('872 - SEPTICEMIA OR SEVERE SEPSIS W/O MV 96+ HOURS W/O MCC',520189,'AURORA MED CTR KENOSHA','10400 75TH ST','KENOSHA','WI',53142,'WI - Milwaukee',21,'$25195.04','$7199.57','$6555.76'),('313 - CHEST PAIN',380090,'BAY AREA HOSPITAL','1775 THOMPSON ROAD','COOS BAY','OR',97420,'OR - Eugene',44,'$10708.63','$5047.97','$3532.79'),('300 - PERIPHERAL VASCULAR DISORDERS W CC',490021,'CENTRA  HEALTH, INC','1920 ATHERHOLT ROAD','LYNCHBURG','VA',24501,'VA - Lynchburg',42,'$11448.54','$5534.07','$4645.09'),('310 - CARDIAC ARRHYTHMIA & CONDUCTION DISORDERS W/O CC/MCC',390037,'HERITAGE VALLEY SEWICKLEY','720 BLACKBURN ROAD','SEWICKLEY','PA',15143,'PA - Pittsburgh',30,'$5970.63','$3080.56','$2222.30'),('871 - SEPTICEMIA OR SEVERE SEPSIS W/O MV 96+ HOURS W MCC',140063,'RUSH OAK PARK HOSPITAL','520 S MAPLE AVE','OAK PARK','IL',60304,'IL - Melrose Park',57,'$46121.54','$11468.70','$10623.63'),('418 - LAPAROSCOPIC CHOLECYSTECTOMY W/O C.D.E. W CC',50242,'DOMINICAN HOSPITAL','1555 SOQUEL DRIVE','SANTA CRUZ','CA',95065,'CA - Santa Cruz',12,'$107862.00','$15450.00','$14423.00'),('281 - ACUTE MYOCARDIAL INFARCTION, DISCHARGED ALIVE W CC',100017,'HALIFAX HEALTH MEDICAL CENTER','303 N CLYDE MORRIS BLVD','DAYTONA BEACH','FL',32114,'FL - Ormond Beach',26,'$26096.53','$7115.00','$6291.46'),('491 - BACK & NECK PROC EXC SPINAL FUSION W/O CC/MCC',230053,'HENRY FORD HOSPITAL','2799 W GRAND BLVD','DETROIT','MI',48202,'MI - Detroit',45,'$23382.46','$9087.73','$7542.75'),('392 - ESOPHAGITIS, GASTROENT & MISC DIGEST DISORDERS W/O MCC',110095,'TIFT REGIONAL MEDICAL CENTER','901 E 18TH STREET','TIFTON','GA',31793,'FL - Tallahassee',102,'$16748.21','$4528.60','$3309.20'),('303 - ATHEROSCLEROSIS W/O MCC',450803,'DOCTORS HOSPITAL TIDWELL','510 W TIDWELL','HOUSTON','TX',77091,'TX - Houston',11,'$20652.81','$4834.00','$3916.54'),('280 - ACUTE MYOCARDIAL INFARCTION, DISCHARGED ALIVE W MCC',230004,'MERCY HEALTH PARTNERS, MERCY CAMPUS','1500 E SHERMAN BOULEVARD','MUSKEGON','MI',49444,'MI - Muskegon',47,'$19892.55','$11864.61','$10052.80'),('682 - RENAL FAILURE W MCC',330106,'NORTH SHORE UNIVERSITY HOSPITAL','300 COMMUNITY DRIVE','MANHASSET','NY',11030,'NY - East Long Island',120,'$71898.60','$17084.87','$15200.24'),('292 - HEART FAILURE & SHOCK W CC',210055,'LAUREL REGIONAL MEDICAL CENTER','7300 VAN DUSEN ROAD','LAUREL','MD',20707,'MD - Takoma Park',31,'$7009.87','$6589.35','$5897.61'),('684 - RENAL FAILURE W/O CC/MCC',440049,'METHODIST HEALTHCARE MEMPHIS HOSPITALS','1265 UNION AVE SUITE 700','MEMPHIS','TN',38104,'TN - Memphis',49,'$14530.87','$4925.06','$3473.67'),('192 - CHRONIC OBSTRUCTIVE PULMONARY DISEASE W/O CC/MCC',240106,'REGIONS HOSPITAL','640 JACKSON STREET','SAINT PAUL','MN',55101,'MN - St. Paul',28,'$14893.25','$6200.57','$4678.85'),('377 - G.I. HEMORRHAGE W MCC',440120,'TENNOVA HEALTHCARE','900 EAST OAK HILL AVENUE','KNOXVILLE','TN',37917,'TN - Knoxville',45,'$38731.66','$9415.68','$8383.15'),('372 - MAJOR GASTROINTESTINAL DISORDERS & PERITONEAL INFECTIONS W CC',340107,'HERITAGE HOSPITAL','111 HOSPITAL DR','TARBORO','NC',27886,'NC - Greenville',15,'$19067.86','$7812.80','$7362.13'),('064 - INTRACRANIAL HEMORRHAGE OR CEREBRAL INFARCTION W MCC',140289,'ANDERSON HOSPITAL','6800 STATE ROUTE 162','MARYVILLE','IL',62062,'MO - St. Louis',21,'$33187.66','$9827.85','$9026.90'),('238 - MAJOR CARDIOVASC PROCEDURES W/O MCC',390151,'CHAMBERSBURG HOSPITAL','112 NORTH SEVENTH STREET','CHAMBERSBURG','PA',17201,'PA - Harrisburg',19,'$44298.68','$17473.05','$16642.31'),('308 - CARDIAC ARRHYTHMIA & CONDUCTION DISORDERS W MCC',220116,'TUFTS MEDICAL CENTER','800 WASHINGTON STREET','BOSTON','MA',2111,'MA - Boston',30,'$35275.50','$15197.23','$14635.50'),('281 - ACUTE MYOCARDIAL INFARCTION, DISCHARGED ALIVE W CC',50755,'SHERMAN OAKS HOSPITAL','4929 VAN NUYS BLVD','SHERMAN OAKS','CA',91403,'CA - Los Angeles',31,'$25050.06','$8068.58','$7244.41'),('392 - ESOPHAGITIS, GASTROENT & MISC DIGEST DISORDERS W/O MCC',510012,'PLEASANT VALLEY HOSPITAL','2520 VALLEY DRIVE','POINT PLEASANT','WV',25550,'WV - Huntington',63,'$10666.12','$3993.06','$2842.19'),('195 - SIMPLE PNEUMONIA & PLEURISY W/O CC/MCC',240213,'HEALTHEAST WOODWINDS HOSPITAL','1925 WOODWINDS DRIVE','WOODBURY','MN',55125,'MN - St. Paul',14,'$13133.57','$4940.85','$2916.85'),('244 - PERMANENT CARDIAC PACEMAKER IMPLANT W/O CC/MCC',230165,'ST JOHN HOSPITAL AND MEDICAL CENTER','22101 MOROSS RD','DETROIT','MI',48236,'MI - Detroit',47,'$48893.82','$15544.70','$14611.51'),('603 - CELLULITIS W/O MCC',190064,'OUR LADY OF THE LAKE REGIONAL MEDICAL CENTER','5000 HENNESSY BLVD','BATON ROUGE','LA',70808,'LA - Baton Rouge',96,'$12700.20','$5058.32','$3869.72'),('308 - CARDIAC ARRHYTHMIA & CONDUCTION DISORDERS W MCC',150046,'TERRE HAUTE REGIONAL HOSPITAL','3901 S SEVENTH ST','TERRE HAUTE','IN',47802,'IN - Terre Haute',23,'$33283.39','$7391.52','$6231.78'),('698 - OTHER KIDNEY & URINARY TRACT DIAGNOSES W MCC',140174,'PROVENA MERCY MEDICAL CENTER','1325 N HIGHLAND AVENUE','AURORA','IL',60506,'IL - Aurora',14,'$50652.78','$10150.07','$9630.21'),('190 - CHRONIC OBSTRUCTIVE PULMONARY DISEASE W MCC',140125,'GATEWAY REGIONAL MEDICAL CENTER','2100 MADISON AVENUE','GRANITE CITY','IL',62040,'MO - St. Louis',30,'$93359.76','$8103.00','$7595.73'),('101 - SEIZURES W/O MCC',340142,'CARTERET GENERAL HOSPITAL','3500 ARENDELL ST','MOREHEAD CITY','NC',28557,'NC - Greenville',17,'$8631.64','$5264.00','$4735.05'),('195 - SIMPLE PNEUMONIA & PLEURISY W/O CC/MCC',230017,'BRONSON METHODIST HOSPITAL','601 JOHN STREET','KALAMAZOO','MI',49007,'MI - Kalamazoo',48,'$15646.14','$5418.20','$4332.60'),('315 - OTHER CIRCULATORY SYSTEM DIAGNOSES W CC',390110,'CONEMAUGH VALLEY MEMORIAL HOSPITAL','1086 FRANKLIN STREET','JOHNSTOWN','PA',15905,'PA - Johnstown',16,'$13332.37','$5994.81','$5501.56'),('638 - DIABETES W CC',390185,'HAZLETON GENERAL HOSPITAL','700 EAST BROAD STREET','HAZLETON','PA',18201,'PA - Allentown',19,'$17369.84','$4685.57','$3950.10'),('683 - RENAL FAILURE W CC',220105,'WINCHESTER HOSPITAL','41 HIGHLAND AVENUE','WINCHESTER','MA',1890,'MA - Boston',92,'$9725.23','$6593.29','$5848.64'),('189 - PULMONARY EDEMA & RESPIRATORY FAILURE',500119,'VALLEY HOSPITAL','12606 EAST MISSION AVENUE','SPOKANE','WA',99216,'WA - Spokane',65,'$16162.36','$8004.27','$7227.47'),('203 - BRONCHITIS & ASTHMA W/O CC/MCC',70007,'LAWRENCE & MEMORIAL HOSPITAL','365 MONTAUK AVE','NEW LONDON','CT',6320,'CT - New Haven',15,'$9579.80','$4250.86','$3349.53'),('312 - SYNCOPE & COLLAPSE',110038,'JOHN D ARCHBOLD MEMORIAL HOSPITAL','915 GORDON AVENUE & MIMOSA DRIVE','THOMASVILLE','GA',31792,'FL - Tallahassee',23,'$15160.69','$4009.91','$3471.30'),('683 - RENAL FAILURE W CC',100086,'BROWARD HEALTH NORTH BROWARD MEDICAL CENTER','201 E SAMPLE RD','POMPANO BEACH','FL',33064,'FL - Fort Lauderdale',57,'$27285.78','$6140.00','$5389.26'),('192 - CHRONIC OBSTRUCTIVE PULMONARY DISEASE W/O CC/MCC',360029,'WOOD COUNTY HOSPITAL','950 WEST WOOSTER STREET','BOWLING GREEN','OH',43402,'OH - Toledo',23,'$10418.17','$3985.56','$3054.60'),('202 - BRONCHITIS & ASTHMA W CC/MCC',100086,'BROWARD HEALTH NORTH BROWARD MEDICAL CENTER','201 E SAMPLE RD','POMPANO BEACH','FL',33064,'FL - Fort Lauderdale',17,'$17696.70','$5153.11','$4295.00'),('069 - TRANSIENT ISCHEMIA',130007,'ST ALPHONSUS REGIONAL MEDICAL CENTER','1055 NORTH CURTIS ROAD','BOISE','ID',83706,'ID - Boise',34,'$11433.23','$4397.11','$3337.35'),('603 - CELLULITIS W/O MCC',100055,'HELEN ELLIS MEMORIAL HOSPITAL','1395 S PINELLAS AVE','TARPON SPRINGS','FL',34689,'FL - Clearwater',26,'$18133.65','$4360.11','$3581.34'),('193 - SIMPLE PNEUMONIA & PLEURISY W MCC',330201,'KINGSBROOK JEWISH MEDICAL CENTER','585 SCHENECTADY AVENUE','BROOKLYN','NY',11203,'NY - Manhattan',37,'$41734.27','$14586.94','$13740.67'),('303 - ATHEROSCLEROSIS W/O MCC',450229,'HENDRICK MEDICAL CENTER','1900 PINE','ABILENE','TX',79601,'TX - Abilene',17,'$15193.29','$3183.41','$2321.52'),('177 - RESPIRATORY INFECTIONS & INFLAMMATIONS W MCC',140113,'PROVENA COVENANT MEDICAL CENTER- URBANA','1400 WEST PARK AVENUE','URBANA','IL',61801,'IL - Urbana',28,'$47614.57','$12338.67','$11657.10'),('811 - RED BLOOD CELL DISORDERS W MCC',100044,'MARTIN MEMORIAL MEDICAL CENTER','200 SE HOSPITAL AVE','STUART','FL',34995,'FL - Fort Lauderdale',11,'$141750.90','$23567.18','$22652.63'),('391 - ESOPHAGITIS, GASTROENT & MISC DIGEST DISORDERS W MCC',140286,'KISHWAUKEE COMMUNITY HOSPITAL','ONE KISH HOSPITAL DRIVE','DEKALB','IL',60115,'IL - Rockford',14,'$23822.00','$6852.14','$6059.57'),('300 - PERIPHERAL VASCULAR DISORDERS W CC',180011,'SAINT JOSEPH HOSPITAL LONDON','1001 SAINT JOSEPH LANE','LONDON','KY',40741,'KY - Lexington',14,'$23152.28','$5835.78','$5034.07'),('244 - PERMANENT CARDIAC PACEMAKER IMPLANT W/O CC/MCC',250104,'ANDERSON REGIONAL MEDICAL CENTER','2124 14 ST','MERIDIAN','MS',39301,'MS - Meridian',18,'$32241.38','$11431.44','$10338.00'),('682 - RENAL FAILURE W MCC',390044,'READING HOSPITAL MEDICAL CENTER','SIXTH AVENUE AND SPRUCE ST','READING','PA',19603,'PA - Reading',85,'$37643.08','$12441.61','$10772.20'),('069 - TRANSIENT ISCHEMIA',370114,'ST JOHN MEDICAL CENTER, INC','1923 SOUTH UTICA AVENUE','TULSA','OK',74104,'OK - Tulsa',125,'$13894.14','$4308.83','$3127.60'),('329 - MAJOR SMALL & LARGE BOWEL PROCEDURES W MCC',100090,'FLAGLER HOSPITAL','400 HEALTH PARK BLVD','SAINT AUGUSTINE','FL',32086,'FL - Jacksonville',26,'$112027.53','$30907.61','$30052.84'),('329 - MAJOR SMALL & LARGE BOWEL PROCEDURES W MCC',180093,'REGIONAL MEDICAL CENTER OF HOPKINS COUNTY','900 HOSPITAL DRIVE','MADISONVILLE','KY',42431,'KY - Paducah',11,'$75348.36','$28972.36','$28260.63'),('603 - CELLULITIS W/O MCC',520027,'COLUMBIA ST MARY\'S HOSPITAL OZAUKEE, INC','13111 N PORT WASHINGTON RD','MEQUON','WI',53097,'WI - Milwaukee',44,'$14823.38','$4556.50','$3685.63'),('309 - CARDIAC ARRHYTHMIA & CONDUCTION DISORDERS W CC',500050,'PEACEHEALTH SOUTHWEST MEDICAL CENTER','400 NE MOTHER JOSEPH PLACE','VANCOUVER','WA',98668,'OR - Portland',56,'$18293.10','$6083.80','$4686.14'),('469 - MAJOR JOINT REPLACEMENT OR REATTACHMENT OF LOWER EXTREMITY W MCC',140067,'SAINT FRANCIS MEDICAL CENTER','530 NE GLEN OAK AVE','PEORIA','IL',61637,'IL - Peoria',17,'$100111.76','$24377.58','$19284.29'),('194 - SIMPLE PNEUMONIA & PLEURISY W CC',140068,'ROSELAND COMMUNITY HOSPITAL','45 W 111TH STREET','CHICAGO','IL',60628,'IL - Chicago',25,'$29389.20','$8384.48','$7511.76'),('176 - PULMONARY EMBOLISM W/O MCC',360036,'WOOSTER COMMUNITY HOSPITAL','1761 BEALL AVENUE','WOOSTER','OH',44691,'OH - Canton',11,'$6106.90','$5584.54','$4458.36'),('190 - CHRONIC OBSTRUCTIVE PULMONARY DISEASE W MCC',100043,'MEASE HOSPITAL DUNEDIN','601 MAIN STREET','DUNEDIN','FL',34698,'FL - Clearwater',26,'$28185.57','$6090.42','$5310.42'),('208 - RESPIRATORY SYSTEM DIAGNOSIS W VENTILATOR SUPPORT <96 HOURS',230054,'MARQUETTE GENERAL HOSPITAL','420 W MAGNETIC','MARQUETTE','MI',49855,'MI - Marquette',27,'$27734.59','$16187.29','$15605.07'),('640 - MISC DISORDERS OF NUTRITION,METABOLISM,FLUIDS/ELECTROLYTES W MCC',50590,'METHODIST HOSPITAL OF SACRAMENTO','7500 HOSPITAL DRIVE','SACRAMENTO','CA',95823,'CA - Sacramento',20,'$33615.40','$10480.70','$9919.50'),('190 - CHRONIC OBSTRUCTIVE PULMONARY DISEASE W MCC',50334,'SALINAS VALLEY MEMORIAL HOSPITAL','450 EAST ROMIE LANE','SALINAS','CA',93901,'CA - Salinas',75,'$62954.92','$11808.18','$11071.60'),('194 - SIMPLE PNEUMONIA & PLEURISY W CC',340109,'ALBEMARLE HOSPITAL AUTHORITY','1144 N ROAD ST','ELIZABETH CITY','NC',27909,'VA - Norfolk',72,'$18868.77','$7177.27','$6128.68'),('372 - MAJOR GASTROINTESTINAL DISORDERS & PERITONEAL INFECTIONS W CC',140119,'RUSH UNIVERSITY MEDICAL CENTER','1653 WEST CONGRESS PARKWAY','CHICAGO','IL',60612,'IL - Chicago',14,'$34713.07','$14285.64','$10721.07'),('074 - CRANIAL & PERIPHERAL NERVE DISORDERS W/O MCC',470003,'FLETCHER ALLEN HOSPITAL OF VERMONT','111 COLCHESTER AVE','BURLINGTON','VT',5401,'VT - Burlington',19,'$20524.68','$8488.89','$7529.15'),('563 - FX, SPRN, STRN & DISL EXCEPT FEMUR, HIP, PELVIS & THIGH W/O MCC',390066,'GOOD SAMARITAN HOSPITAL','FOURTH AND WALNUT STREETS','LEBANON','PA',17042,'PA - Harrisburg',17,'$16686.76','$4055.47','$2999.47'),('244 - PERMANENT CARDIAC PACEMAKER IMPLANT W/O CC/MCC',230046,'UNIVERSITY OF MICHIGAN HEALTH SYSTEM','1500 E MEDICAL CENTER DRIVE, SPC 5474','ANN ARBOR','MI',48109,'MI - Ann Arbor',16,'$55606.93','$18660.87','$17888.62'),('853 - INFECTIOUS & PARASITIC DISEASES W O.R. PROCEDURE W MCC',330104,'NYACK HOSPITAL','160 NORTH MIDLAND AVENUE','NYACK','NY',10960,'NJ - Hackensack',24,'$151435.12','$41779.50','$39707.70'),('870 - SEPTICEMIA OR SEVERE SEPSIS W MV 96+ HOURS',50280,'MERCY MEDICAL CENTER REDDING','2175 ROSALINE AVE, CLAIRMONT HGTS','REDDING','CA',96001,'CA - Redding',14,'$206526.28','$47812.57','$47089.42'),('101 - SEIZURES W/O MCC',220090,'MILFORD REGIONAL MEDICAL CENTER','14 PROSPECT STREET','MILFORD','MA',1757,'MA - Boston',29,'$10295.68','$5109.00','$4138.65'),('305 - HYPERTENSION W/O MCC',330061,'LAWRENCE HOSPITAL CENTER','55 PALMER AVENUE','BRONXVILLE','NY',10708,'NY - White Plains',19,'$13382.94','$4424.00','$3065.05'),('191 - CHRONIC OBSTRUCTIVE PULMONARY DISEASE W CC',100068,'FLORIDA HOSPITAL MEMORIAL MEDICAL CENTER','301 MEMORIAL MEDICAL PARKWAY','DAYTONA BEACH','FL',32117,'FL - Ormond Beach',81,'$18027.82','$5205.85','$4279.04'),('310 - CARDIAC ARRHYTHMIA & CONDUCTION DISORDERS W/O CC/MCC',450867,'SETON  NORTHWEST HOSPITAL','11113 RESEARCH BOULEVARD','AUSTIN','TX',78759,'TX - Austin',12,'$14807.33','$3197.91','$2270.58'),('287 - CIRCULATORY DISORDERS EXCEPT AMI, W CARD CATH W/O MCC',50570,'FOUNTAIN VALLEY REGIONAL HOSPITAL & MEDICAL CENTER','17100 EUCLID STREET','FOUNTAIN VALLEY','CA',92708,'CA - Orange County',41,'$75267.70','$10082.00','$9151.07'),('069 - TRANSIENT ISCHEMIA',450587,'BROWNWOOD REGIONAL MEDICAL CENTER','1501 BURNET DR','BROWNWOOD','TX',76801,'TX - Abilene',17,'$19281.47','$4015.00','$2960.88'),('689 - KIDNEY & URINARY TRACT INFECTIONS W MCC',10114,'MEDICAL WEST, AN AFFILIATE OF UAB HEALTH SYSTEM','995 9TH AVENUE SOUTHWEST','BESSEMER','AL',35021,'AL - Birmingham',17,'$21014.11','$6785.23','$6060.29'),('194 - SIMPLE PNEUMONIA & PLEURISY W CC',450347,'HUNTSVILLE MEMORIAL HOSPITAL','110 MEMORIAL HOSPITAL DRIVE','HUNTSVILLE','TX',77340,'TX - Houston',68,'$25830.29','$6115.91','$5160.63'),('281 - ACUTE MYOCARDIAL INFARCTION, DISCHARGED ALIVE W CC',350011,'SANFORD MEDICAL CENTER FARGO','801 BROADWAY NORTH','FARGO','ND',58122,'ND - Fargo/Moorhead MN',29,'$19345.86','$7699.51','$6924.34'),('683 - RENAL FAILURE W CC',100266,'GULF BREEZE HOSPITAL','1110 GULF BREEZE PKWY','GULF BREEZE','FL',32561,'FL - Pensacola',26,'$19706.11','$4909.11','$4127.88'),('602 - CELLULITIS W MCC',290039,'MOUNTAINVIEW HOSPITAL','3100 N TENAYA WAY','LAS VEGAS','NV',89128,'NV - Las Vegas',12,'$103744.91','$9167.08','$8328.75'),('293 - HEART FAILURE & SHOCK W/O CC/MCC',260074,'MOBERLY REGIONAL MEDICAL CENTER','1515 UNION AVE','MOBERLY','MO',65270,'MO - Columbia',15,'$21296.60','$4906.06','$4002.60'),('315 - OTHER CIRCULATORY SYSTEM DIAGNOSES W CC',100173,'FLORIDA HOSPITAL TAMPA','3100 E FLETCHER AVE','TAMPA','FL',33613,'FL - Tampa',23,'$29061.65','$5416.47','$4734.39'),('603 - CELLULITIS W/O MCC',330152,'LONG ISLAND COLLEGE HOSPITAL','339 HICKS STREET','BROOKLYN','NY',11201,'NY - Manhattan',45,'$20071.44','$9555.22','$8628.13'),('473 - CERVICAL SPINAL FUSION W/O CC/MCC',370216,'TULSA SPINE & SPECIALTY HOSPITAL','6901 SOUTH OLYMPIA AVENUE','TULSA','OK',74132,'OK - Tulsa',100,'$51575.73','$11386.67','$9296.97'),('603 - CELLULITIS W/O MCC',60054,'COMMUNITY HOSPITAL','2021 N 12TH ST','GRAND JUNCTION','CO',81501,'CO - Grand Junction',12,'$11641.08','$5034.58','$3300.25'),('392 - ESOPHAGITIS, GASTROENT & MISC DIGEST DISORDERS W/O MCC',520100,'BELOIT MEM HSPTL','1969 W HART RD','BELOIT','WI',53511,'WI - Madison',44,'$20366.79','$5515.43','$3270.04'),('192 - CHRONIC OBSTRUCTIVE PULMONARY DISEASE W/O CC/MCC',100121,'BARTOW REGIONAL MEDICAL CENTER','2200 OSPREY BLVD','BARTOW','FL',33831,'FL - Lakeland',28,'$18610.50','$4116.25','$2992.89'),('208 - RESPIRATORY SYSTEM DIAGNOSIS W VENTILATOR SUPPORT <96 HOURS',330163,'EASTERN NIAGARA HOSPITAL','521 EAST AVENUE','LOCKPORT','NY',14094,'NY - Buffalo',17,'$37620.41','$15703.35','$14475.29'),('918 - POISONING & TOXIC EFFECTS OF DRUGS W/O MCC',100002,'BETHESDA MEMORIAL HOSPITAL','2815 S SEACREST BLVD','BOYNTON BEACH','FL',33435,'FL - Fort Lauderdale',17,'$19297.35','$4095.70','$3138.35'),('310 - CARDIAC ARRHYTHMIA & CONDUCTION DISORDERS W/O CC/MCC',450072,'BRAZOSPORT REGIONAL HEALTH SYSTEM','100 MEDICAL DRIVE','LAKE JACKSON','TX',77566,'TX - Houston',40,'$12268.65','$3508.15','$2398.70'),('689 - KIDNEY & URINARY TRACT INFECTIONS W MCC',230089,'BEAUMONT HOSPITAL, GROSSE POINTE','468 CADIEUX RD','GROSSE POINTE','MI',48230,'MI - Detroit',57,'$12991.59','$7056.57','$6133.22'),('287 - CIRCULATORY DISORDERS EXCEPT AMI, W CARD CATH W/O MCC',420083,'MARY BLACK MEMORIAL HOSPITAL','1700 SKYLYN DR BOX 3217','SPARTANBURG','SC',29307,'SC - Spartanburg',17,'$47118.17','$6374.11','$4731.58'),('372 - MAJOR GASTROINTESTINAL DISORDERS & PERITONEAL INFECTIONS W CC',50329,'CORONA REGIONAL MEDICAL CENTER','800 SOUTH MAIN STREET','CORONA','CA',92882,'CA - Orange County',13,'$44474.76','$9849.69','$8778.46'),('329 - MAJOR SMALL & LARGE BOWEL PROCEDURES W MCC',440183,'ST FRANCIS HOSPITAL','5959 PARK AVE','MEMPHIS','TN',38119,'TN - Memphis',23,'$207658.86','$34951.78','$33888.34'),('812 - RED BLOOD CELL DISORDERS W/O MCC',180093,'REGIONAL MEDICAL CENTER OF HOPKINS COUNTY','900 HOSPITAL DRIVE','MADISONVILLE','KY',42431,'KY - Paducah',28,'$11470.46','$4749.71','$3824.42'),('481 - HIP & FEMUR PROCEDURES EXCEPT MAJOR JOINT W CC',440011,'BLOUNT MEMORIAL HOSPITAL','907 E LAMAR ALEXANDER PARKWAY','MARYVILLE','TN',37804,'TN - Knoxville',46,'$32753.06','$9256.80','$8327.93'),('208 - RESPIRATORY SYSTEM DIAGNOSIS W VENTILATOR SUPPORT <96 HOURS',360239,'KETTERING MEDICAL CENTER - SYCAMORE','4000 MIAMISBURG-CENTERVILLE ROAD','MIAMISBURG','OH',45342,'OH - Kettering',31,'$41554.06','$13258.41','$11955.12'),('603 - CELLULITIS W/O MCC',40011,'JOHN ED CHAMBERS MEM HOSP, INC','HIGHWAY 10 AT DETROIT STREET','DANVILLE','AR',72833,'AR - Little Rock',44,'$4441.27','$4440.40','$3609.00'),('192 - CHRONIC OBSTRUCTIVE PULMONARY DISEASE W/O CC/MCC',330273,'PUTNAM HOSPITAL CENTER','670 STONELEIGH AVENUE','CARMEL','NY',10512,'CT - New Haven',18,'$29262.94','$7764.50','$3546.00'),('315 - OTHER CIRCULATORY SYSTEM DIAGNOSES W CC',230017,'BRONSON METHODIST HOSPITAL','601 JOHN STREET','KALAMAZOO','MI',49007,'MI - Kalamazoo',13,'$17974.46','$7322.84','$6894.84'),('292 - HEART FAILURE & SHOCK W CC',130025,'MADISON MEMORIAL HOSPITAL','450 EAST MAIN STREET','REXBURG','ID',83440,'ID - Idaho Falls',13,'$9486.92','$6049.46','$4935.30'),('280 - ACUTE MYOCARDIAL INFARCTION, DISCHARGED ALIVE W MCC',10029,'EAST ALABAMA MEDICAL CENTER AND SNF','2000 PEPPERELL PARKWAY','OPELIKA','AL',36801,'AL - Birmingham',36,'$19253.69','$10237.80','$9387.02'),('885 - PSYCHOSES',90006,'PROVIDENCE HOSPITAL','1150 VARNUM ST NE','WASHINGTON','DC',20017,'DC - Washington',204,'$13448.31','$8112.56','$7117.04'),('282 - ACUTE MYOCARDIAL INFARCTION, DISCHARGED ALIVE W/O CC/MCC',340184,'MEDWEST HAYWOOD','262 LEROY GEORGE DRIVE','CLYDE','NC',28721,'NC - Asheville',15,'$16093.26','$4520.86','$3845.93'),('378 - G.I. HEMORRHAGE W CC',490116,'LEWISGALE HOSPITAL PULASKI','2400 LEE HIGHWAY','PULASKI','VA',24301,'VA - Roanoke',13,'$21391.38','$5777.76','$5429.46'),('603 - CELLULITIS W/O MCC',340017,'MARGARET R PARDEE MEMORIAL HOSPITAL','800 N JUSTICE ST','HENDERSONVILLE','NC',28791,'NC - Asheville',39,'$11206.82','$4909.87','$3868.71'),('189 - PULMONARY EDEMA & RESPIRATORY FAILURE',260176,'DES PERES HOSPITAL','2345 DOUGHERTY FERRY ROAD','SAINT LOUIS','MO',63122,'MO - St. Louis',37,'$49027.62','$8279.13','$7006.21'),('208 - RESPIRATORY SYSTEM DIAGNOSIS W VENTILATOR SUPPORT <96 HOURS',310074,'LIBERTYHEALTH-JERSEY CITY MEDICAL CENTER CAMPUS','355 GRAND STREET','JERSEY CITY','NJ',7302,'NJ - Newark',36,'$119342.83','$22931.13','$22299.72'),('293 - HEART FAILURE & SHOCK W/O CC/MCC',420082,'AIKEN REGIONAL MEDICAL CENTER','302 UNIVERSITY PARKWAY','AIKEN','SC',29801,'GA - Augusta',51,'$12882.82','$4527.58','$3552.52'),('330 - MAJOR SMALL & LARGE BOWEL PROCEDURES W CC',500050,'PEACEHEALTH SOUTHWEST MEDICAL CENTER','400 NE MOTHER JOSEPH PLACE','VANCOUVER','WA',98668,'OR - Portland',26,'$63710.61','$18868.69','$15698.38'),('481 - HIP & FEMUR PROCEDURES EXCEPT MAJOR JOINT W CC',310086,'KENNEDY UNIVERSITY HOSPITAL - STRATFORD DIV','18 EAST LAUREL ROAD','STRATFORD','NJ',8084,'NJ - Camden',55,'$80685.30','$14584.47','$13663.52'),('192 - CHRONIC OBSTRUCTIVE PULMONARY DISEASE W/O CC/MCC',440017,'WELLMONT HOLSTON VALLEY MEDICAL CENTER','130 WEST RAVINE ROAD','KINGSPORT','TN',37662,'TN - Kingsport',68,'$12457.92','$3914.19','$2948.89'),('280 - ACUTE MYOCARDIAL INFARCTION, DISCHARGED ALIVE W MCC',490053,'JOHNSTON MEMORIAL HOSPITAL','16000 JOHNSTON MEMORIAL DRIVE','ABINGDON','VA',24211,'TN - Kingsport',27,'$37738.70','$9314.11','$8645.66'),('202 - BRONCHITIS & ASTHMA W CC/MCC',100256,'REGIONAL MEDICAL CENTER BAYONET POINT','14000 FIVAY ROAD','HUDSON','FL',34667,'FL - Hudson',20,'$33712.55','$4436.00','$3536.80'),('190 - CHRONIC OBSTRUCTIVE PULMONARY DISEASE W MCC',180029,'HAZARD ARH REGIONAL MEDICAL CENTER','100 MEDICAL CENTER DRIVE','HAZARD','KY',41701,'KY - Lexington',167,'$27018.00','$8295.02','$6141.78'),('313 - CHEST PAIN',390116,'MERCY SUBURBAN HOSPITAL','2701 DEKALB PIKE','NORRISTOWN','PA',19401,'PA - Philadelphia',34,'$29478.94','$4529.29','$3563.85'),('392 - ESOPHAGITIS, GASTROENT & MISC DIGEST DISORDERS W/O MCC',440151,'RIVER PARK HOSPITAL','1559 SPARTA STREET','MC MINNVILLE','TN',37110,'TN - Nashville',54,'$18784.38','$4408.75','$3581.59'),('310 - CARDIAC ARRHYTHMIA & CONDUCTION DISORDERS W/O CC/MCC',10099,'D W MCMILLAN MEMORIAL HOSPITAL','1301 BELLEVILLE AVENUE','BREWTON','AL',36426,'FL - Pensacola',42,'$6806.59','$3140.42','$2147.76'),('310 - CARDIAC ARRHYTHMIA & CONDUCTION DISORDERS W/O CC/MCC',330158,'GOOD SAMARITAN HOSPITAL OF SUFFERN','255 LAFAYETTE AVENUE','SUFFERN','NY',10901,'NJ - Ridgewood',59,'$23365.77','$4483.27','$3422.77'),('286 - CIRCULATORY DISORDERS EXCEPT AMI, W CARD CATH W MCC',360006,'RIVERSIDE METHODIST HOSPITAL','3535 OLENTANGY RIVER RD','COLUMBUS','OH',43214,'OH - Columbus',38,'$38764.73','$12754.13','$12249.39'),('313 - CHEST PAIN',310108,'JFK MEDICAL CTR - ANTHONY M. YELENCSICS COMMUNITY','65 JAMES STREET','EDISON','NJ',8818,'NJ - New Brunswick',57,'$32061.22','$4042.28','$3101.29'),('177 - RESPIRATORY INFECTIONS & INFLAMMATIONS W MCC',490024,'CARILION ROANOKE MEMORIAL CENTER','1906 BELLEVIEW AVENUE, SE','ROANOKE','VA',24014,'VA - Roanoke',53,'$30230.05','$13455.64','$12936.88'),('195 - SIMPLE PNEUMONIA & PLEURISY W/O CC/MCC',110016,'WEST GEORGIA MEDICAL CENTER','1514 VERNON ROAD','LAGRANGE','GA',30240,'GA - Atlanta',22,'$10557.77','$4259.63','$3236.36'),('390 - G.I. OBSTRUCTION W/O CC/MCC',140191,'INGALLS MEMORIAL HOSPITAL','ONE INGALLS DRIVE','HARVEY','IL',60426,'IL - Blue Island',20,'$15275.35','$4139.90','$3525.30'),('699 - OTHER KIDNEY & URINARY TRACT DIAGNOSES W CC',90011,'WASHINGTON HOSPITAL CENTER','110 IRVING ST NW','WASHINGTON','DC',20010,'DC - Washington',61,'$37074.93','$8997.03','$7666.06'),('948 - SIGNS & SYMPTOMS W/O MCC',330221,'WYCKOFF HEIGHTS MEDICAL CENTER','374 STOCKHOLM STREET','BROOKLYN','NY',11237,'NY - Manhattan',26,'$16650.76','$8262.76','$7481.53'),('329 - MAJOR SMALL & LARGE BOWEL PROCEDURES W MCC',150037,'HANCOCK REGIONAL HOSPITAL','801 N STATE ST','GREENFIELD','IN',46140,'IN - Indianapolis',11,'$60790.54','$26700.09','$25682.63'),('470 - MAJOR JOINT REPLACEMENT OR REATTACHMENT OF LOWER EXTREMITY W/O MCC',330222,'SARATOGA HOSPITAL','211 CHURCH STREET','SARATOGA SPRING','NY',12866,'NY - Albany',155,'$32071.01','$11112.50','$9864.12'),('101 - SEIZURES W/O MCC',490011,'BON SECOURS - DEPAUL MEDICAL CENTER','150 KINGSLEY LANE','NORFOLK','VA',23505,'VA - Norfolk',15,'$14750.86','$4816.66','$3167.40'),('470 - MAJOR JOINT REPLACEMENT OR REATTACHMENT OF LOWER EXTREMITY W/O MCC',110005,'NORTHSIDE HOSPITAL FORSYTH','1200 NORTHSIDE FORSYTH DRIVE','CUMMING','GA',30041,'GA - Atlanta',197,'$57098.30','$9834.54','$7476.14'),('641 - MISC DISORDERS OF NUTRITION,METABOLISM,FLUIDS/ELECTROLYTES W/O MCC',390147,'MONONGAHELA VALLEY HOSPITAL','1163 COUNTRY CLUB ROAD','MONONGAHELA','PA',15063,'PA - Pittsburgh',25,'$11207.84','$3433.56','$2756.92'),('313 - CHEST PAIN',50063,'HOLLYWOOD PRESBYTERIAN MEDICAL CENTER','1300 N VERMONT AVE','LOS ANGELES','CA',90028,'CA - Los Angeles',60,'$31580.41','$6161.00','$5390.88'),('195 - SIMPLE PNEUMONIA & PLEURISY W/O CC/MCC',450518,'THE MEDICAL CENTER OF SOUTHEAST TEXAS','2555 JIMMY JOHNSON BLVD','PORT ARTHUR','TX',77640,'TX - Beaumont',35,'$25019.22','$4315.17','$3141.08'),('379 - G.I. HEMORRHAGE W/O CC/MCC',140202,'ADVOCATE CONDELL MEDICAL CENTER','801 S MILWAUKEE AVE','LIBERTYVILLE','IL',60048,'WI - Milwaukee',39,'$23303.61','$5058.20','$3347.89'),('872 - SEPTICEMIA OR SEVERE SEPSIS W/O MV 96+ HOURS W/O MCC',230069,'SAINT JOSEPH MERCY LIVINGSTON HOSPITAL','620 BYRON RD','HOWELL','MI',48843,'MI - Ann Arbor',22,'$17349.81','$7235.04','$6469.04'),('208 - RESPIRATORY SYSTEM DIAGNOSIS W VENTILATOR SUPPORT <96 HOURS',110076,'DEKALB MEDICAL CENTER','2701 N DECATUR ROAD','DECATUR','GA',30033,'GA - Atlanta',36,'$42471.52','$15421.58','$14637.69'),('287 - CIRCULATORY DISORDERS EXCEPT AMI, W CARD CATH W/O MCC',390270,'GEISINGER WYOMING VALLEY MEDICAL CENTER','100O EAST MOUNTAIN BOULEVARD','WILKES BARRE','PA',18711,'PA - Wilkes-Barre',40,'$39576.97','$7621.62','$5500.87'),('638 - DIABETES W CC',230019,'PROVIDENCE HOSPITAL AND MEDICAL CENTERS','16001 W NINE MILE RD','SOUTHFIELD','MI',48075,'MI - Royal Oak',78,'$14019.34','$6182.43','$5365.80'),('202 - BRONCHITIS & ASTHMA W CC/MCC',40076,'HOT SPRING COUNTY MEDICAL CENTER','1001 SCHNEIDER DRIVE','MALVERN','AR',72104,'AR - Little Rock',11,'$11409.27','$5152.36','$4129.09'),('194 - SIMPLE PNEUMONIA & PLEURISY W CC',450340,'SAN ANGELO COMMUNITY MEDICAL CENTER','3501 KNICKERBOCKER ROAD','SAN ANGELO','TX',76904,'TX - San Angelo',77,'$38903.15','$6056.12','$5159.81'),('312 - SYNCOPE & COLLAPSE',420086,'PALMETTO HEALTH BAPTIST','TAYLOR AT MARION','COLUMBIA','SC',29220,'SC - Columbia',28,'$31278.92','$4972.17','$3594.00'),('195 - SIMPLE PNEUMONIA & PLEURISY W/O CC/MCC',390142,'ALBERT EINSTEIN MEDICAL CENTER','5501 OLD YORK ROAD','PHILADELPHIA','PA',19141,'PA - Philadelphia',20,'$25722.05','$9094.80','$8080.80'),('480 - HIP & FEMUR PROCEDURES EXCEPT MAJOR JOINT W MCC',420002,'PIEDMONT MEDICAL CENTER','222 S HERLONG AVE','ROCK HILL','SC',29730,'NC - Charlotte',15,'$52965.46','$19546.46','$18798.20'),('190 - CHRONIC OBSTRUCTIVE PULMONARY DISEASE W MCC',340098,'CAROLINAS MED CENTER-MERCY','2001 VAIL AVE','CHARLOTTE','NC',28207,'NC - Charlotte',73,'$18818.17','$7197.31','$5741.61'),('871 - SEPTICEMIA OR SEVERE SEPSIS W/O MV 96+ HOURS W MCC',350002,'ST ALEXIUS MEDICAL CENTER','900 E BROADWAY','BISMARCK','ND',58501,'ND - Bismarck',145,'$25741.67','$11292.37','$10486.15'),('389 - G.I. OBSTRUCTION W CC',220052,'SIGNATURE HEALTHCARE BROCKTON HOSPITAL','680 CENTER STREET','BROCKTON','MA',2302,'MA - Boston',26,'$12446.53','$7492.73','$6715.19'),('917 - POISONING & TOXIC EFFECTS OF DRUGS W MCC',50169,'PRESBYTERIAN INTERCOMMUNITY HOSPITAL','12401 E WASHINGTON BLVD','WHITTIER','CA',90602,'CA - Los Angeles',12,'$73314.50','$10820.58','$10073.91'),('690 - KIDNEY & URINARY TRACT INFECTIONS W/O MCC',350019,'ALTRU HOSPITAL','1200 S COLUMBIA RD','GRAND FORKS','ND',58201,'ND - Grand Forks',41,'$9106.41','$5179.12','$4384.68'),('312 - SYNCOPE & COLLAPSE',530010,'LANDER REGIONAL HOSPITAL','1320 BISHOP RANDALL DR','LANDER','WY',82520,'WY - Casper',11,'$14059.72','$5657.00','$4742.45'),('247 - PERC CARDIOVASC PROC W DRUG-ELUTING STENT W/O MCC',490063,'INOVA FAIRFAX HOSPITAL','3300 GALLOWS RD','FALLS CHURCH','VA',22042,'VA - Arlington',94,'$43017.54','$15345.85','$11834.82'),('552 - MEDICAL BACK PROBLEMS W/O MCC',50336,'LODI MEMORIAL HOSPITAL','975 S FAIRMONT AVENUE','LODI','CA',95240,'CA - Sacramento',19,'$68750.21','$6155.42','$5329.73'),('065 - INTRACRANIAL HEMORRHAGE OR CEREBRAL INFARCTION W CC',490111,'WYTHE COUNTY COMMUNITY HOSPITAL','600 WEST RIDGE ROAD','WYTHEVILLE','VA',24382,'VA - Roanoke',16,'$18175.12','$8007.56','$6154.93'),('378 - G.I. HEMORRHAGE W CC',300018,'WENTWORTH-DOUGLASS HOSPITAL','789 CENTRAL AVE','DOVER','NH',3820,'ME - Portland',47,'$19149.17','$6261.14','$5447.02'),('470 - MAJOR JOINT REPLACEMENT OR REATTACHMENT OF LOWER EXTREMITY W/O MCC',330167,'WINTHROP-UNIVERSITY HOSPITAL','259 FIRST STREET','MINEOLA','NY',11501,'NY - East Long Island',176,'$64053.05','$20693.27','$15152.34'),('192 - CHRONIC OBSTRUCTIVE PULMONARY DISEASE W/O CC/MCC',420036,'SPRINGS MEMORIAL HOSPITAL','800 W MEETING ST','LANCASTER','SC',29720,'NC - Charlotte',81,'$31576.22','$4360.95','$3484.58'),('189 - PULMONARY EDEMA & RESPIRATORY FAILURE',140007,'PROVENA ST JOSEPH MEDICAL CENTER','333 N MADISON','JOLIET','IL',60435,'IL - Joliet',37,'$38043.48','$7817.56','$6856.10'),('251 - PERC CARDIOVASC PROC W/O CORONARY ARTERY STENT W/O MCC',310076,'SAINT BARNABAS MEDICAL CENTER','94 OLD SHORT HILLS ROAD','LIVINGSTON','NJ',7039,'NJ - Newark',35,'$86427.80','$16344.22','$12911.28'),('683 - RENAL FAILURE W CC',40084,'SALINE MEMORIAL HOSPITAL','#1 MEDICAL PARK DRIVE','BENTON','AR',72015,'AR - Little Rock',48,'$11618.54','$5521.75','$4836.60'),('392 - ESOPHAGITIS, GASTROENT & MISC DIGEST DISORDERS W/O MCC',60009,'EXEMPLA LUTHERAN MEDICAL CENTER','8300 W 38TH AVE','WHEAT RIDGE','CO',80033,'CO - Denver',126,'$23617.34','$4354.50','$3490.95'),('552 - MEDICAL BACK PROBLEMS W/O MCC',50300,'ST MARY MEDICAL CENTER','18300 HIGHWAY 18','APPLE VALLEY','CA',92307,'CA - San Bernardino',14,'$38986.14','$6148.21','$5184.78'),('101 - SEIZURES W/O MCC',100137,'HEART OF FLORIDA REGIONAL MEDICAL CENTER','40100 US HWY 27 N','DAVENPORT','FL',33837,'FL - Orlando',28,'$27020.64','$4624.82','$3483.14'),('243 - PERMANENT CARDIAC PACEMAKER IMPLANT W CC',290001,'RENOWN REGIONAL MEDICAL CENTER','1155 MILL STREET','RENO','NV',89502,'NV - Reno',36,'$70964.55','$18125.80','$15980.88'),('251 - PERC CARDIOVASC PROC W/O CORONARY ARTERY STENT W/O MCC',360159,'ADENA REGIONAL MEDICAL CENTER','272 HOSPITAL ROAD','CHILLICOTHE','OH',45601,'OH - Columbus',13,'$40028.15','$11321.69','$10455.84'),('439 - DISORDERS OF PANCREAS EXCEPT MALIGNANCY W CC',340042,'ONSLOW MEMORIAL HOSPITAL','317 WESTERN BOULEVARD','JACKSONVILLE','NC',28540,'NC - Greenville',12,'$19457.00','$6083.50','$5192.66'),('281 - ACUTE MYOCARDIAL INFARCTION, DISCHARGED ALIVE W CC',100075,'ST JOSEPH\'S HOSPITAL','3001 W MARTIN LUTHER KING JR BLVD','TAMPA','FL',33677,'FL - Tampa',42,'$33203.64','$7607.66','$6552.73'),('948 - SIGNS & SYMPTOMS W/O MCC',180038,'OWENSBORO MEDICAL HEALTH SYSTEM','811 EAST PARRISH AVENUE','OWENSBORO','KY',42303,'KY - Owensboro',26,'$6858.30','$4721.53','$3732.69'),('195 - SIMPLE PNEUMONIA & PLEURISY W/O CC/MCC',450775,'KINGWOOD MEDICAL CENTER','22999 US HWY 59','KINGWOOD','TX',77325,'TX - Houston',23,'$32284.00','$4976.69','$3358.91'),('603 - CELLULITIS W/O MCC',360156,'MEMORIAL HOSPITAL','715 SOUTH TAFT AVENUE','FREMONT','OH',43420,'OH - Toledo',11,'$11224.54','$4590.18','$3222.90'),('481 - HIP & FEMUR PROCEDURES EXCEPT MAJOR JOINT W CC',20001,'PROVIDENCE ALASKA MEDICAL CENTER','BOX 196604','ANCHORAGE','AK',99519,'AK - Anchorage',26,'$66346.50','$16523.88','$15662.96'),('641 - MISC DISORDERS OF NUTRITION,METABOLISM,FLUIDS/ELECTROLYTES W/O MCC',390156,'MERCY FITZGERALD HOSPITAL','LANSDOWNE & BAILY RDS','DARBY','PA',19023,'PA - Philadelphia',76,'$36836.69','$6381.28','$5657.76'),('253 - OTHER VASCULAR PROCEDURES W CC',390036,'HERITAGE VALLEY BEAVER','1000 DUTCH RIDGE ROAD','BEAVER','PA',15009,'PA - Pittsburgh',11,'$40195.63','$13817.00','$12893.72'),('281 - ACUTE MYOCARDIAL INFARCTION, DISCHARGED ALIVE W CC',450184,'MEMORIAL HERMANN HOSPITAL SYSTEM','1635  NORTH LOOP WEST','HOUSTON','TX',77008,'TX - Houston',61,'$30766.04','$8404.36','$6987.57'),('379 - G.I. HEMORRHAGE W/O CC/MCC',330061,'LAWRENCE HOSPITAL CENTER','55 PALMER AVENUE','BRONXVILLE','NY',10708,'NY - White Plains',27,'$13304.96','$4810.51','$3898.81'),('202 - BRONCHITIS & ASTHMA W CC/MCC',440049,'METHODIST HEALTHCARE MEMPHIS HOSPITALS','1265 UNION AVE SUITE 700','MEMPHIS','TN',38104,'TN - Memphis',90,'$20692.54','$6490.58','$4744.14'),('208 - RESPIRATORY SYSTEM DIAGNOSIS W VENTILATOR SUPPORT <96 HOURS',510077,'WILLIAMSON MEMORIAL HOSPITAL','859 ALDERSON STREET','WILLIAMSON','WV',25661,'WV - Charleston',12,'$22187.50','$13633.16','$10174.08'),('308 - CARDIAC ARRHYTHMIA & CONDUCTION DISORDERS W MCC',280003,'BRYANLGH MEDICAL CENTER','1600 SOUTH 48TH ST','LINCOLN','NE',68506,'NE - Lincoln',58,'$26651.15','$7726.25','$6512.56'),('074 - CRANIAL & PERIPHERAL NERVE DISORDERS W/O MCC',450809,'NORTH AUSTIN MEDICAL CENTER','12221 MOPAC EXPRESSWAY NORTH','AUSTIN','TX',78758,'TX - Austin',17,'$28154.52','$5336.82','$4162.58'),('203 - BRONCHITIS & ASTHMA W/O CC/MCC',140242,'CENTRAL DUPAGE HOSPITAL','25 NORTH WINFIELD ROAD','WINFIELD','IL',60190,'IL - Melrose Park',18,'$21408.27','$4491.27','$2507.38'),('683 - RENAL FAILURE W CC',370025,'MUSKOGEE REGIONAL MEDICAL CENTER','300 ROCKEFELLER DRIVE','MUSKOGEE','OK',74401,'OK - Tulsa',53,'$22008.00','$6013.33','$5245.86'),('280 - ACUTE MYOCARDIAL INFARCTION, DISCHARGED ALIVE W MCC',260065,'ST JOHN\'S REGIONAL HEALTH CENTER','1235 E CHEROKEE','SPRINGFIELD','MO',65804,'MO - Springfield',29,'$32679.79','$10248.10','$9352.51'),('292 - HEART FAILURE & SHOCK W CC',100048,'JAY HOSPITAL','14114 ALABAMA ST','JAY','FL',32565,'FL - Pensacola',18,'$17831.38','$6457.16','$5584.22'),('176 - PULMONARY EMBOLISM W/O MCC',240056,'RIDGEVIEW MEDICAL CENTER','500 SOUTH MAPLE STREET','WACONIA','MN',55387,'MN - Minneapolis',21,'$18519.66','$6280.66','$5529.04'),('195 - SIMPLE PNEUMONIA & PLEURISY W/O CC/MCC',40078,'NATIONAL PARK MEDICAL CENTER','1910 MALVERN AVENUE','HOT SPRINGS','AR',71901,'AR - Little Rock',45,'$34421.95','$4236.60','$3365.40'),('690 - KIDNEY & URINARY TRACT INFECTIONS W/O MCC',150088,'SAINT JOHN\'S HEALTH SYSTEM','2015 JACKSON ST','ANDERSON','IN',46016,'IN - Indianapolis',51,'$13737.50','$4741.94','$3654.37'),('208 - RESPIRATORY SYSTEM DIAGNOSIS W VENTILATOR SUPPORT <96 HOURS',340142,'CARTERET GENERAL HOSPITAL','3500 ARENDELL ST','MOREHEAD CITY','NC',28557,'NC - Greenville',15,'$33057.06','$15433.20','$13541.93'),('293 - HEART FAILURE & SHOCK W/O CC/MCC',40069,'GREAT RIVER MEDICAL CENTER','1520 N DIVISION STREET','BLYTHEVILLE','AR',72315,'TN - Memphis',12,'$11410.91','$4980.08','$3897.41'),('252 - OTHER VASCULAR PROCEDURES W MCC',110054,'FLOYD MEDICAL CENTER','304 TURNER MCCALL BLVD P O BOX 233','ROME','GA',30162,'GA - Rome',16,'$76740.56','$22222.75','$21446.50'),('552 - MEDICAL BACK PROBLEMS W/O MCC',360037,'ST VINCENT CHARITY MEDICAL CENTER','2351 EAST 22ND STREET','CLEVELAND','OH',44115,'OH - Cleveland',18,'$14724.00','$6618.72','$5617.83'),('208 - RESPIRATORY SYSTEM DIAGNOSIS W VENTILATOR SUPPORT <96 HOURS',30065,'BANNER DESERT MEDICAL CENTER','1400 SOUTH  DOBSON ROAD','MESA','AZ',85202,'AZ - Mesa',25,'$70231.40','$16046.00','$15375.72'),('193 - SIMPLE PNEUMONIA & PLEURISY W MCC',340085,'THOMASVILLE MEDICAL CENTER','207 OLD LEXINGTON RD BOX 789','THOMASVILLE','NC',27360,'NC - Winston-Salem',33,'$19802.48','$8670.57','$7850.21'),('552 - MEDICAL BACK PROBLEMS W/O MCC',100269,'PALMS WEST HOSPITAL','13001 SOUTHERN BLVD','LOXAHATCHEE','FL',33470,'FL - Fort Lauderdale',13,'$48355.46','$5921.61','$5060.69'),('039 - EXTRACRANIAL PROCEDURES W/O CC/MCC',150012,'SAINT JOSEPH REGIONAL MEDICAL CENTER','5215 HOLY CROSS PKWY','MISHAWAKA','IN',46545,'IN - South Bend',30,'$25856.23','$6675.53','$5289.60'),('948 - SIGNS & SYMPTOMS W/O MCC',330198,'SOUTH NASSAU COMMUNITIES HOSPITAL','ONE HEALTHY WAY','OCEANSIDE','NY',11572,'NY - East Long Island',58,'$18702.46','$4877.81','$4032.77'),('682 - RENAL FAILURE W MCC',140119,'RUSH UNIVERSITY MEDICAL CENTER','1653 WEST CONGRESS PARKWAY','CHICAGO','IL',60612,'IL - Chicago',86,'$43848.97','$16789.55','$15652.38'),('698 - OTHER KIDNEY & URINARY TRACT DIAGNOSES W MCC',10033,'UNIVERSITY OF ALABAMA HOSPITAL','619 SOUTH 19TH STREET','BIRMINGHAM','AL',35233,'AL - Birmingham',94,'$43808.68','$12854.37','$10758.85'),('683 - RENAL FAILURE W CC',10083,'SOUTH BALDWIN REGIONAL MEDICAL CENTER','1613 NORTH MCKENZIE STREET','FOLEY','AL',36535,'AL - Mobile',26,'$32863.96','$5303.11','$4441.92'),('698 - OTHER KIDNEY & URINARY TRACT DIAGNOSES W MCC',520098,'UNIVERSITY OF WI  HOSPITALS & CLINICS AUTHORITY','600 HIGHLAND AVENUE','MADISON','WI',53792,'WI - Madison',86,'$48309.95','$19540.44','$17019.81'),('189 - PULMONARY EDEMA & RESPIRATORY FAILURE',490021,'CENTRA  HEALTH, INC','1920 ATHERHOLT ROAD','LYNCHBURG','VA',24501,'VA - Lynchburg',90,'$17682.87','$7769.08','$6885.52'),('309 - CARDIAC ARRHYTHMIA & CONDUCTION DISORDERS W CC',360179,'BETHESDA NORTH HOSPITAL','10500 MONTGOMERY ROAD','CINCINNATI','OH',45242,'OH - Cincinnati',51,'$21113.01','$5054.86','$3951.62'),('191 - CHRONIC OBSTRUCTIVE PULMONARY DISEASE W CC',520136,'WHEATON FRANCISCAN, INC- ST JOSEPH','5000 W CHAMBERS ST','MILWAUKEE','WI',53210,'WI - Milwaukee',35,'$16134.31','$7816.31','$6801.60'),('563 - FX, SPRN, STRN & DISL EXCEPT FEMUR, HIP, PELVIS & THIGH W/O MCC',360064,'ST ELIZABETH HEALTH CENTER','1044 BELMONT AVENUE','YOUNGSTOWN','OH',44501,'OH - Youngstown',20,'$17559.35','$4686.95','$3390.80'),('193 - SIMPLE PNEUMONIA & PLEURISY W MCC',50438,'HUNTINGTON MEMORIAL HOSPITAL','100 W  CALIFORNIA BLVD','PASADENA','CA',91109,'CA - Los Angeles',46,'$93402.54','$14486.06','$13347.28'),('313 - CHEST PAIN',140151,'SACRED HEART HOSPITAL','3240 W FRANKLIN BLVD','CHICAGO','IL',60624,'IL - Chicago',31,'$14738.67','$4950.00','$4259.29'),('069 - TRANSIENT ISCHEMIA',190098,'LSU HEALTH SCIENCES CENTER - SHREVEPORT','1541 KINGS HIGHWAY','SHREVEPORT','LA',71130,'LA - Shreveport',17,'$9390.41','$6337.88','$5544.47'),('603 - CELLULITIS W/O MCC',50568,'MADERA COMMUNITY HOSPITAL','1250 E ALMOND AVE','MADERA','CA',93637,'CA - Fresno',33,'$16588.81','$7717.00','$6695.66'),('372 - MAJOR GASTROINTESTINAL DISORDERS & PERITONEAL INFECTIONS W CC',100028,'PARRISH MEDICAL CENTER','951 N WASHINGTON AVE','TITUSVILLE','FL',32796,'FL - Orlando',14,'$16168.78','$7192.00','$6464.28'),('195 - SIMPLE PNEUMONIA & PLEURISY W/O CC/MCC',490048,'LEWISGALE MEDICAL CENTER','1900 ELECTRIC ROAD','SALEM','VA',24153,'VA - Roanoke',43,'$18535.97','$3797.00','$2672.00'),('640 - MISC DISORDERS OF NUTRITION,METABOLISM,FLUIDS/ELECTROLYTES W MCC',420002,'PIEDMONT MEDICAL CENTER','222 S HERLONG AVE','ROCK HILL','SC',29730,'NC - Charlotte',52,'$23018.80','$6970.09','$6386.17'),('391 - ESOPHAGITIS, GASTROENT & MISC DIGEST DISORDERS W MCC',200009,'MAINE MEDICAL CENTER','22 BRAMHALL ST','PORTLAND','ME',4102,'ME - Portland',48,'$21040.87','$10960.25','$7040.12'),('684 - RENAL FAILURE W/O CC/MCC',50603,'SADDLEBACK MEMORIAL MEDICAL CENTER','24451 HEALTH CENTER DRIVE','LAGUNA HILLS','CA',92653,'CA - Orange County',14,'$18978.07','$4030.92','$3069.78'),('377 - G.I. HEMORRHAGE W MCC',140158,'MERCY HOSPITAL AND MEDICAL CENTER','2525 S MICHIGAN AVE','CHICAGO','IL',60616,'IL - Chicago',64,'$28127.79','$15525.31','$14781.42'),('176 - PULMONARY EMBOLISM W/O MCC',100127,'MORTON PLANT HOSPITAL','300 PINELLAS ST','CLEARWATER','FL',33756,'FL - Clearwater',29,'$21565.96','$5722.55','$4637.58'),('287 - CIRCULATORY DISORDERS EXCEPT AMI, W CARD CATH W/O MCC',670024,'NORTH CYPRESS MEDICAL CENTER','21214 NORTHWEST FREEWAY','CYPRESS','TX',77429,'TX - Houston',18,'$74574.00','$6046.00','$5043.33'),('690 - KIDNEY & URINARY TRACT INFECTIONS W/O MCC',50549,'LOS ROBLES HOSPITAL & MEDICAL CENTER','215 W JANSS RD','THOUSAND OAKS','CA',91360,'CA - Ventura',99,'$47643.58','$6621.88','$5217.03'),('378 - G.I. HEMORRHAGE W CC',390133,'LEHIGH VALLEY HOSPITAL','PO BOX 689','ALLENTOWN','PA',18105,'PA - Allentown',187,'$34862.74','$7367.25','$6390.61'),('190 - CHRONIC OBSTRUCTIVE PULMONARY DISEASE W MCC',110205,'NORTH GEORGIA MEDICAL CENTER','1362 SOUTH MAIN STREET','ELLIJAY','GA',30540,'GA - Atlanta',15,'$20037.00','$7728.00','$6830.93'),('101 - SEIZURES W/O MCC',230030,'MIDMICHIGAN MEDICAL CENTER-GRATIOT','300 E WARWICK DR','ALMA','MI',48801,'MI - Lansing',13,'$6958.38','$6092.92','$4965.84'),('872 - SEPTICEMIA OR SEVERE SEPSIS W/O MV 96+ HOURS W/O MCC',500015,'AUBURN REGIONAL MEDICAL CENTER','202 N DIVISION STREET PLAZA ONE','AUBURN','WA',98001,'WA - Seattle',23,'$25266.56','$8022.04','$7297.47'),('039 - EXTRACRANIAL PROCEDURES W/O CC/MCC',230269,'WILLIAM BEAUMONT HOSPITAL-TROY','44201 DEQUINDRE ROAD','TROY','MI',48085,'MI - Royal Oak',42,'$17569.95','$6303.11','$5158.09'),('603 - CELLULITIS W/O MCC',490020,'JOHN RANDOLPH MEDICAL CENTER','411 WEST RANDOLPH ROAD','HOPEWELL','VA',23860,'VA - Richmond',48,'$39102.04','$5048.37','$3780.50'),('292 - HEART FAILURE & SHOCK W CC',390194,'GNADEN HUETTEN MEMORIAL HOSPITAL','211 NORTH 12TH STREET','LEHIGHTON','PA',18235,'PA - Allentown',59,'$11381.49','$5693.30','$4987.74'),('291 - HEART FAILURE & SHOCK W MCC',190036,'OCHSNER FOUNDATION HOSPITAL','1516 JEFFERSON HWY','NEW ORLEANS','LA',70121,'LA - New Orleans',211,'$27874.57','$10319.31','$9682.36'),('208 - RESPIRATORY SYSTEM DIAGNOSIS W VENTILATOR SUPPORT <96 HOURS',150033,'FRANCISCAN ST FRANCIS HEALTH - BEECH GROVE','1600 ALBANY ST','BEECH GROVE','IN',46107,'IN - Indianapolis',52,'$49011.50','$13021.50','$11781.30'),('247 - PERC CARDIOVASC PROC W DRUG-ELUTING STENT W/O MCC',110030,'CARTERSVILLE MEDICAL CENTER','960 JOE FRANK HARRIS PARKWAY','CARTERSVILLE','GA',30120,'GA - Atlanta',11,'$76282.27','$15701.90','$9915.63'),('372 - MAJOR GASTROINTESTINAL DISORDERS & PERITONEAL INFECTIONS W CC',230021,'LAKELAND HOSPITAL, ST JOSEPH','1234 NAPIER AVENUE','ST JOSEPH','MI',49085,'MI - St. Joseph',16,'$12263.37','$7573.93','$7047.31'),('948 - SIGNS & SYMPTOMS W/O MCC',390119,'MOSES TAYLOR HOSPITAL','700 QUINCY AVENUE','SCRANTON','PA',18510,'PA - Scranton',42,'$19619.71','$4343.78','$3646.83'),('178 - RESPIRATORY INFECTIONS & INFLAMMATIONS W CC',280020,'SAINT ELIZABETH REGIONAL MEDICAL CENTER','555 SOUTH 70TH ST','LINCOLN','NE',68510,'NE - Lincoln',37,'$25806.10','$8012.56','$7342.51'),('872 - SEPTICEMIA OR SEVERE SEPSIS W/O MV 96+ HOURS W/O MCC',250078,'FORREST GENERAL HOSPITAL','6051 US HIGHWAY 49','HATTIESBURG','MS',39404,'MS - Hattiesburg',63,'$16780.42','$6992.95','$5858.57'),('149 - DYSEQUILIBRIUM',140116,'CENTEGRA HEALTH SYSTEM - MC HENRY HOSPITAL','4201 MEDICAL CENTER DRIVE','MCHENRY','IL',60050,'IL - Elgin',17,'$18440.64','$3699.00','$2772.41'),('470 - MAJOR JOINT REPLACEMENT OR REATTACHMENT OF LOWER EXTREMITY W/O MCC',50079,'DOCTORS MEDICAL CENTER-SAN PABLO','2000 VALE RD','SAN PABLO','CA',94806,'CA - San Francisco',41,'$115841.26','$19999.87','$18930.12'),('303 - ATHEROSCLEROSIS W/O MCC',330276,'NATHAN LITTAUER HOSPITAL','99 EAST STATE STREET','GLOVERSVILLE','NY',12078,'NY - Albany',14,'$10942.71','$3734.71','$3016.14'),('194 - SIMPLE PNEUMONIA & PLEURISY W CC',310012,'VALLEY HOSPITAL','223 N VAN DIEN AVENUE','RIDGEWOOD','NJ',7450,'NJ - Ridgewood',229,'$38065.81','$7153.50','$6056.99'),('389 - G.I. OBSTRUCTION W CC',150002,'METHODIST HOSPITALS INC','600 GRANT ST','GARY','IN',46402,'IN - Gary',44,'$19701.11','$6313.20','$5553.02'),('536 - FRACTURES OF HIP & PELVIS W/O MCC',360118,'MEDCENTRAL HEALTH SYSTEM','335 GLESSNER AVENUE','MANSFIELD','OH',44903,'OH - Columbus',17,'$8807.52','$3928.05','$3073.70'),('291 - HEART FAILURE & SHOCK W MCC',340130,'CAROLINAS MEDICAL CENTER-UNION','600 HOSPITAL DR','MONROE','NC',28110,'NC - Charlotte',136,'$13229.80','$9457.86','$8685.54'),('481 - HIP & FEMUR PROCEDURES EXCEPT MAJOR JOINT W CC',60013,'MERCY REGIONAL MEDICAL CENTER','1010 THREE SPRINGS BLVD','DURANGO','CO',81301,'NM - Albuquerque',37,'$34590.16','$13526.37','$12553.40'),('313 - CHEST PAIN',40022,'NW ARKANSAS HOSPITALS, LLC','609 WEST MAPLE AVENUE','SPRINGDALE','AR',72764,'AR - Springdale',44,'$21729.36','$3278.45','$2174.68'),('178 - RESPIRATORY INFECTIONS & INFLAMMATIONS W CC',110109,'EMANUEL MEDICAL CENTER','117 KITE ROAD','SWAINSBORO','GA',30401,'GA - Augusta',13,'$17727.07','$8603.00','$7778.23'),('603 - CELLULITIS W/O MCC',530006,'SHERIDAN MEMORIAL HOSPITAL','1401 W 5TH ST','SHERIDAN','WY',82801,'MT - Billings',13,'$20096.76','$8052.00','$7273.23'),('065 - INTRACRANIAL HEMORRHAGE OR CEREBRAL INFARCTION W CC',360029,'WOOD COUNTY HOSPITAL','950 WEST WOOSTER STREET','BOWLING GREEN','OH',43402,'OH - Toledo',15,'$15065.93','$6582.13','$4923.73'),('871 - SEPTICEMIA OR SEVERE SEPSIS W/O MV 96+ HOURS W MCC',40055,'SPARKS REGIONAL MEDICAL CENTER','1001 TOWSON AVENUE','FORT SMITH','AR',72901,'AR - Fort Smith',189,'$27683.33','$11005.30','$9625.95'),('392 - ESOPHAGITIS, GASTROENT & MISC DIGEST DISORDERS W/O MCC',200063,'PENOBSCOT BAY MEDICAL CENTER','6 GLEN COVE DRIVE','ROCKPORT','ME',4856,'ME - Portland',63,'$11602.47','$5019.79','$4059.68'),('379 - G.I. HEMORRHAGE W/O CC/MCC',260062,'ST LUKES NORTHLAND HOSPITAL','5830 N W BARRY ROAD','KANSAS CITY','MO',64154,'MO - Kansas City',11,'$19763.63','$4379.81','$3174.81'),('640 - MISC DISORDERS OF NUTRITION,METABOLISM,FLUIDS/ELECTROLYTES W MCC',150018,'ELKHART GENERAL HOSPITAL','600 E BLVD','ELKHART','IN',46514,'IN - South Bend',13,'$37698.30','$9077.00','$8039.53'),('641 - MISC DISORDERS OF NUTRITION,METABOLISM,FLUIDS/ELECTROLYTES W/O MCC',40088,'MEDICAL CENTER SOUTH ARKANSAS','700 WEST GROVE STREET','EL DORADO','AR',71731,'AR - Little Rock',88,'$16180.20','$4072.40','$3137.55'),('192 - CHRONIC OBSTRUCTIVE PULMONARY DISEASE W/O CC/MCC',140046,'GOOD SAMARITAN REGIONAL HLTH CENTER','605 N 12TH STREET','MOUNT VERNON','IL',62864,'MO - St. Louis',36,'$11062.66','$5153.50','$2592.36'),('064 - INTRACRANIAL HEMORRHAGE OR CEREBRAL INFARCTION W MCC',330080,'LINCOLN MEDICAL & MENTAL HEALTH CENTER','234 EAST 149TH STREET','BRONX','NY',10451,'NY - Bronx',15,'$29746.86','$28169.80','$27350.33'),('178 - RESPIRATORY INFECTIONS & INFLAMMATIONS W CC',60036,'ARKANSAS VALLEY REGIONAL MEDICAL CENTER','1100 CARSON AVENUE','LA JUNTA','CO',81050,'CO - Colorado Springs',34,'$13115.88','$8600.08','$8004.55'),('190 - CHRONIC OBSTRUCTIVE PULMONARY DISEASE W MCC',120027,'HAWAII MEDICAL CENTER WEST','91-2141 FORT WEAVER ROAD','EWA BEACH','HI',96706,'HI - Honolulu',12,'$22529.58','$9026.91','$8231.75'),('552 - MEDICAL BACK PROBLEMS W/O MCC',210027,'WESTERN MARYLAND REGIONAL MEDICAL CENTER','12500 WILLOWBROOK ROAD','CUMBERLAND','MD',21502,'DC - Washington',41,'$7587.90','$7160.24','$6030.75');
/*!40000 ALTER TABLE `inpatientcharges` ENABLE KEYS */;
UNLOCK TABLES;


CREATE TABLE mla
(	mla_name  CHAR(25),
	joining_date	DATE
);

INSERT INTO mla VALUES
('Ramdhari Singh','1965-09-01'),
('Vikas Khurana','1999-09-01'),
('Sahil Kumar','1999-09-01'),
('Akshay Das','1999-09-01'),
('Aditi Suvarna','1991-11-08'),
('Faizal Khan','1991-11-08');


CREATE TABLE mp
(	mp_name  CHAR(25),
	joining_date	DATE
);

INSERT INTO mp VALUES
('Ramdhari Singh','1965-09-01'),
('Ramdhari Singh','1973-10-02'),
('Vikas Khurana','1999-09-01'),
('Sahil Kumar','1999-09-01'),
('Akshay Das','1999-09-01'),
('Aditi Suvarna','1991-11-08'),
('Faizal Khan','1991-11-08');


CREATE TABLE home
(	opponent	CHAR(25),
	goals_scored	INT,
	goals_conceded	INT
);

INSERT INTO home VALUES
('Everton',2,1),
('Aston Villa',2,0),
('Portsmouth',1,1),
('Newcastle United',3,2),
('Chelsea',2,1),
('Tottenham Hotspur',2,1),
('Fulham',0,0),
('Blackburn Rovers',1,0),
('Wolverhampton Wonderers',3,0),
('Middlesbrough',4,1),
('Manchester City',2,1),
('Southampton',2,0),
('Charlton Athletic',2,1),
('Bolton Wanderers',2,1),
('Manchester United',1,1),
('Liverpoo',14,2),
('Leeds United',5,0),
('Birmingham City',0,0),
('Leicester City',2,1);


-- --------------------*******************-------------------------------------
-- ---------------------------------------------------------------------------
-- --------------------*******************-------------------------------------

CREATE TABLE away
(	opponent	CHAR(25),
	goals_scored	INT,
	goals_conceded	INT
);
INSERT INTO away VALUES
('Everton',1,1),
('Aston Villa',2,0),
('Portsmouth',1,1),
('Newcastle United',0,0),
('Chelsea',2,1),
('Tottenham Hotspur',2,2),
('Fulham',1,0),
('Blackburn Rovers',2,0),
('Wolverhampton Wonderers',3,1),
('Middlesbrough',4,0),
('Manchester City',2,1),
('Southampton',1,0),
('Charlton Athletic',1,1),
('Bolton Wanderers',1,1),
('Manchester United',0,0),
('Liverpool',2,1),
('Leeds United',4,1),
('Birmingham City',3,0),
('Leicester City',1,1);
